path,bytes,sha256
.gitattributes,185,7918d712f6e639953779ce527ca1a9b98c38265fc27b75c31db58432882aa5aa
.github/ISSUE_TEMPLATE/decision.yml,561,85997a8d9be90c4728a86dcf55daee06e1114d51dffb5928b4f45fc1fbc3abbc
.github/ISSUE_TEMPLATE/hypothesis.yml,1168,7ad75a20fb2ec96ae4cd226b03a798dd738ff17cc3759024484d936e5d72b27e
.github/ISSUE_TEMPLATE/validation.yml,1211,e57e26b85b7c70149a1e9c2cca724433cb6c0fed292393814258e6edc594bd4f
.github/ISSUE_TEMPLATE/workstream.yml,595,2dadba78b9d7bf3e2469ccbf9f6d41ea8929b4dbb919af2cda70f06831d665f0
.github/pull_request_template.md,846,42a90f91cbea9fc2f8bf101ff0b298fbd6b41910b245a0820bc35a78ced7bc9d
.gitignore,66,6f9ab0e25e1e0fefa2e8214981c2fa0ba599c339dea078f8350873c2791398d8
CHANGELOG.md,6520,f261cb3c5b79b218bdbcce5f8682fe30a726c15deeaf69aa59785eeab286b543
CONTRIBUTING.md,1442,1ba995e976e0274874171ecd5de3064c8df126e81e3e8b17f85ecaaea943fa89
GITHUB_SETUP.md,1013,782b5e8961d1ce8b0304f114b3a5991a0bedddb9d745e2c530b666ee5c2d0063
GitSink.bat,749,c132a597b1d34840b80011487615f09bab78e0b06b3e17dd5817c1eb415ba676
ORCHESTRATION.md,1252,ebd4b4c9f4cdee7724860deeb450d57041678b34c9bde69c2368d0eeece1a0cc
README.md,9594,279ee5276c2ca3038271af72181f392c393d6319022034578f712917d6737c41
archive/README.md,325,23d7227d5d8d31f75a41e1c95ccc7c9c2564f3be337ac44f90b72b93c7f8c837
archive/pre-refactor/CONTRIBUTING.md,1040,cf977fd575d68062b01e34b1e603b4fd6aed456f7b601079da265ecc83f4bc59
archive/pre-refactor/GITHUB_SETUP.md,933,992a23a830f52bbf092462bc1a5d4d8b936e3b015f901ae91cc433f68f7ac340
archive/pre-refactor/README.md,4544,14a11a54bde344997dcadecc8e4cf3836b8cbbe8c09d31e870dc3a60682c241a
data/catalog/DATA_CATALOG.md,6943,8b8f3b852fe512df4c4c6988e70b2dd9f729e73875e7d01f67afc70ffaa0622c
data/processed/pass10/GEOMETRY_INGESTION_LOG_PASS10.json,2845,c56f40ce7c8169428acca990a93ca45251a22874286530b6b2a095bd253d6c2f
data/processed/pass10/LAYER_INDEX_PASS10.json,2565,f0af31f537f9b17e367d73ac640f6047baf79100783466a56b58820985ccdd1c
data/processed/pass10/PASS10_CHANGED_FILES.txt,1746,28eeae75c3e76adfab962ffb10515cd7c0994207a76aaf8570bb84ef57fa03e7
data/processed/pass10/PASS_10_REPORT.md,2373,62737d4b1b560a8f4e68a43d03e8b12772b009c255a2d365beeac9d0a00c4a18
data/processed/pass10/QA_PASS10.json,787,ce2409fd78c811f77c48dfea89f798486c3af3c7b3c96864e58de7368e0e51e8
data/processed/pass10/REPO_QA_PASS10.json,166,23dc0f5ff6a4deed7da7566fe5df4d0acdd260f324f46052222a699daa0adc4c
data/processed/pass10/analysis_request_windows.geojson,47504,338b5bbe8cf745dd84d9a51292bc6ed6eacb12ed4a962f0e115d92635e7bd6d7
data/processed/pass10/layers/41_wsc_basin_polygon_availability.geojson,36155,db9b65703a4560abe19aa6ead812a52d590f5a641a170840996e54a857f99d2c
data/processed/pass10/layers/42_hydrography_service_extraction_jobs.geojson,40680,5a9652c9845b82a10475ef369682f63c625878d9006baaa1abbbc09cdf549513
data/processed/pass10/layers/43_hydro_analysis_request_windows.geojson,47504,338b5bbe8cf745dd84d9a51292bc6ed6eacb12ed4a962f0e115d92635e7bd6d7
data/processed/pass10/layers/44_hydrography_attribute_schema_registry.geojson,3462,ecd079f3197627f5240b194e55a00eff2e918f5aa04609cb9b44397405785d35
data/processed/pass10/layers/45_hrdem_stac_extraction_jobs.geojson,49120,1287270e5185bc137a0d3372c188d31d58f967c47811a5da2f2da6ed6001f4bd
data/processed/pass10/layers/46_geometry_ingestion_execution_status.geojson,5242,726dcc9bfd820c4989c19b62870e6a1fd92f53422674cab3cbdfefe06bfdf24d
data/processed/pass10/layers/47_reach_terrain_evidence_gate.geojson,45082,39a1554e2be511785a82f9c5c6277835d4658fd9d8bcdf22e816caa1149d496d
data/processed/pass10/pass10_hydro_targets.csv,4081,5b3d9b7e82d6c19e621cefeeb4aeb8f83d42941fa50653e0fb5f2a73a6880253
data/processed/pass10/sources_pass10.json,8978,b53b8d82744d91bc19207bfce26d7247e8de4d6c47b7be5dc8c480f1d25a7ccf
data/processed/pass10/wsc_target_basin_registry_pass10.csv,4384,5324aaa2f618bea8e25e745bd89940ce7b6cc71632eeabcba5d1e81ebdb62a05
data/processed/pass11/PASS11_CHANGED_FILES.txt,3135,fd2a8da866e3028d9704086babf6e784a751376ced0f67f70c6820523a361e24
data/processed/pass11/PASS_11_REPORT.json,1356,06a6937441be5728a9f468eae7da082a4446678a139bb8c925ae1be84ce2d6af
data/processed/pass11/PASS_11_REPORT.md,2220,c7dd1c3216cb3d1d5f2938af2b1170a6940c4f21e879c48ca3f0144206683125
data/processed/pass11/QA_PASS11.json,1165,80d2dd8ef472429240a6e62e0da1fc7bb14560198c80413e8c46bf7713683995
data/processed/pass11/README.md,980,415b784ee64c24cb6046eb587420fe25f7f4919a66e8ddf6acf8607984e99d53
data/processed/pass11/catalog/catalog.pass11.json,2471,dfe704cc7ca6ee8a6df1466c106718f49fd16c112f0a263bf77dade77a2060ed
data/processed/pass11/database/migrations/001_extensions_and_schemas.sql,357,857df904dc0787a516f9c06424175de525ede7b4f1af90ee4a82d87912d4e14b
data/processed/pass11/database/migrations/002_core_entity_model.sql,3290,f316bb34f1bcc8c607dea787d4dd2c79c847a9cbb2692dfd16ffb7bcef5e7c1d
data/processed/pass11/database/migrations/003_research_evidence_model.sql,2563,fdc00798d896ced2c578fb827161293267f9b1ea016fd00a5e113d2a6912816f
data/processed/pass11/database/migrations/004_system_governance_jobs.sql,1845,c03e92edfbd5afa5382bcf31f5a7cd65c9ce7eedcc5ee2ee42949996443b9f78
data/processed/pass11/database/migrations/005_scenario_model.sql,958,f91489757ee88a60a5441f774bfa14d248b7771adca9b48a3139aa59e417decd
data/processed/pass11/database/seeds/001_metric_registry.sql,4230,a899e228fbcb2258d3ef088d31d83f0381ff482ca49c91edf022bb89ef15d9b0
data/processed/pass11/database/views/001_kr_rule_violations.sql,873,05ff052c68d060b87c703b19dfaff57ff71e76d20f22908f60c61d6b8c1d98c4
data/processed/pass11/database/views/010_publish_hydrometric_stations.sql,406,b0f69d78cfbf58d2e8b077d7792ed1085fd218ed950eecb9cb457d6d6c2836f0
data/processed/pass11/fixtures/QA_PASS11.json,948,57a638e450dae806b75036b390af0db1f4727651cc6447e0bbcb11416807515d
data/processed/pass11/fixtures/canonical_id_registry.csv,5924,17715752cf3cf3e92d19283ed6cea7f1c7166282bedc8a7782152c8dd125cb87
data/processed/pass11/fixtures/core_asset.jsonl,13166,e565803143eca4cf66775f421301e6279bfa7727418ac2bfa101d1a78829a33f
data/processed/pass11/fixtures/core_entity.jsonl,15942,cd6b0a54fef7d9865133e2f60fa718c9243118eb0129cf42c8479063c375899d
data/processed/pass11/fixtures/core_entity_relation.jsonl,7008,7bca6681e3e2049e67240e60e5ac188e5dab6d4ff62cee6b97b60481e0a7093c
data/processed/pass11/fixtures/core_natural_feature.jsonl,6423,d76cdf41fd25b6793bca1e264af041075088cc64586bc6504fa705873bdabd2c
data/processed/pass11/fixtures/research_evidence.jsonl,29258,528cfb1c3d0b7dc49ca37d14cb03362e0bbf01b6a894d9eb25fbefee608cd21a
data/processed/pass11/fixtures/research_evidence_relation.jsonl,12936,fa384f490c9ebb11d29ed69b490588bf0714be2c4f50f4886127aa01ac6d5bfa
data/processed/pass11/fixtures/research_evidence_source.jsonl,12576,6e6a8632effa02c8b1f96a2861744cf69370a0b7a904635cd3e51e05bcd5dea6
data/processed/pass11/fixtures/research_observation.jsonl,11987,10e7cd1aa043c8883207b26d48305f58ba4fee37ca1e6227894ba4597cb20825
data/processed/pass11/fixtures/research_screening_dimension_state.jsonl,99792,0dde1e2d5d706dd29376e07957ecb0f02b2c82771bf4aff00b1cc3d003ee9de4
data/processed/pass11/fixtures/research_source.jsonl,12279,e95cd389b952a022e44815c1e64867a6088e97f2b59a5797d4ba4f46fd78695d
data/processed/pass11/fixtures/system_dataset_schema.jsonl,2241,9c028ba9eacbb3493f1031eb55117ae0d40f4b294d5b4d9093a6cfb63bc3564d
data/processed/pass11/fixtures/system_ingestion_job.jsonl,82173,7278ac5b9a2ebb78f72a74f2c0f3f0c269082749af73cb50e6c3442806bbe870
data/processed/pass11/fixtures/system_metric_registry.jsonl,1989,48cf105842e678ce9297d81b1c7a154b627e63c5f0cfbeae111cecb2f61f669d
data/processed/pass11/fixtures/validation_result.json,144,7e273bd9e4efa7bfda6ce1acec091424574fb4277c35556738335614be8c50ff
data/processed/pass11/pipelines/ingest/pass11/fetch_wsc_daily_flow.py,1459,5771aec93bdc4b3ee5243929df079c27cc7b03a3b72e487505b72e66842c68a7
data/processed/pass11/pipelines/ingest/pass11/migrate_pass9_10.py,1155,3946acef23ca4f1ff4c778787e817b684d83c7c7cf2e961ff061e51ac672bdbe
data/processed/pass11/pipelines/validate/validate_pass11.py,1860,d7008ad1e4ff58efc75a0b19f4c643f79fa2f08000120f5b8e1eb952e590f16c
data/processed/pass11/publish/hydrometric_stations_public.geojson,21727,bc63d999ca4e81702fb90b1d0cd79144c47b1de3ca243d9a0cf053f464010a60
data/processed/pass11/schemas/json/Entity.schema.json,1241,9e860171eeb347747cbabe4d9d19c9d27f37e94ec0fca2cafe46bb5f3bc8dada
data/processed/pass11/schemas/json/Evidence.schema.json,2252,2a05c7959e277564ea604ecdfad7e057f93aa312c898d1906dba709f19e13531
data/processed/pass11/schemas/json/Observation.schema.json,2333,7122c72641bc874bfba96f65ea35259d7622cfd9f6f05707ee20294bd11b38e2
data/processed/pass11/schemas/json/ScreeningDimensionState.schema.json,1437,ff39baf262a359eaa9003e62ff527dd9a4173fa9e0194d085e017a744d8b48af
data/processed/pass11/schemas/json/Source.schema.json,1920,5be1a4514c4aa0fe77acb062fd8f36d79fc6876d7e3de492e835705df92c3bfe
data/processed/pass11/schemas/python/kristal_models.py,3058,5cb89efc0ec9dceb5eab9297a9550fe269c7fc9b9d7df6c9761d727b133e7291
data/processed/pass11/sources_pass11.json,14901,0a1a28205fe9e556fd6eeb61ad1d138f78b2bdd15f71d5fedb02ae531c5c8a2f
data/processed/pass11/tests/test_pass11_models.py,2089,75ee2fa79106dd05524dc0709ae42615d6e0cb4af9e07011799a92d816577bd8
data/processed/pass12/NETWORK_PREFLIGHT_PASS12.json,389,fa6aabe0728edd57e9bf3b705037e25e42aa87b701ab9990bca83d034d017f83
data/processed/pass12/QA_PASS12.json,1722,76a3d059417100ffa07d628e34b96222479046eadbfca402e750d125ffda3553
data/processed/pass12/REPO_QA_PASS12.json,158,6857574108f307e7868624801c04b23c165b5b991408b9bac71fc6dc8a793b9b
data/processed/pass12/hydat_source_manifest.json,1688,8df938cdf361176fe0cb787b21ffe0cf6fc60a84b4d9cc29aba9ab7f84e097ec
data/processed/pass12/research_evidence.jsonl,54601,2d43fa43aa78919623d297b70f10d2a5a7caeb7eb240ebaa30eba80963288eb4
data/processed/pass12/research_evidence_relation.jsonl,21006,6031721b8ad8cdc902c528902f2574c412534dba810763af3d78e0d88b0e11aa
data/processed/pass12/research_evidence_source.jsonl,29475,4b38b4a4e928c78baf923026daf79355bda35f757ca1bab5f0168611e98ce868
data/processed/pass12/research_observation.jsonl,16391,1bf69b8e73072cb89d4a99d806c11cf3ac1d07deb566cf37f5c0a41a5193a51d
data/processed/pass12/research_screening_dimension_state.jsonl,109139,6b5ae5223b9494a6625fd3235ec7be6ab89fa50a2978f49e9fb04e04c162f78c
data/processed/pass12/research_source.jsonl,16403,53d01cb513f1429f872208cf4be2e0e3e3ae6d1a9419fcd78683f24355fa4dbb
data/processed/pass12/system_ingestion_job.jsonl,114055,4ca992f29a9d882a9fb3b74651cc076a93292536b5269ce5c4919fc7e1a40b85
data/processed/pass12/system_metric_registry.jsonl,5315,e12afbef065e80f6a808a67554dae4b4646c2119a4ffa7d09cc3d5398b6c0117
data/processed/pass13/QA_PASS11.json,1165,80d2dd8ef472429240a6e62e0da1fc7bb14560198c80413e8c46bf7713683995
data/processed/pass13/QA_PASS12.json,1722,76a3d059417100ffa07d628e34b96222479046eadbfca402e750d125ffda3553
data/processed/pass13/QA_PASS13.json,1267,aa4272b23bf913cba5860fb842c0702833505fedea220d673cf2b6ad27d13937
data/processed/pass13/REPO_QA_PASS13.json,251,8274ce182db5fc263b81da13d9b29169e2a7fbd64335ec7621b51c5c0b1332b9
data/processed/pass13/canonical_id_registry.csv,11313,f8c1908888c096f4b5536e94f5dca3bc1a8d1e8b227c9e7f78cc864efcacd9d1
data/processed/pass13/catalog.pass13.json,9543,b7580e630d085cdb76136183a22f00eb0256b543375c1b54b05bbd276533f2f7
data/processed/pass13/communities_public.geojson,18629,822757e669b5b7e747f064221b1c5e2fccef27619673059f46731093d35c7cee
data/processed/pass13/community_context_public.json,10756,2be683384778d3bfa1c16805df10d1bff04714d8bb1e3ea0d01297585262d288
data/processed/pass13/core_asset.jsonl,16067,851b111307a3a2e83acf8bc215bda5374ecc6c6f64b28da82eae1ec120d1e984
data/processed/pass13/core_corridor.jsonl,2460,26671fdd6bde55cac189f41adfc5afca35036fc5eb9218cb9caf847139706f85
data/processed/pass13/core_entity.jsonl,35333,533fa588a3f6373b66151cf091fb62f7ba3eabe2756bb1a8da62a8f3bb36320b
data/processed/pass13/core_entity_relation.jsonl,35853,0f873400f1f01fe4778ef3ecb5589e0ef506d740a2b5588bc8a7764ed9512a5b
data/processed/pass13/core_natural_feature.jsonl,6423,d76cdf41fd25b6793bca1e264af041075088cc64586bc6504fa705873bdabd2c
data/processed/pass13/core_place.jsonl,10035,7cdb87c5f8131c39f8cee247174deac163dfe20b703519225b7f5cb5b2293aa1
data/processed/pass13/core_project.jsonl,1492,c5d38738560f12ced5e93c708386d93bdb6d85101020f738b14b48f1b9e6b6c0
data/processed/pass13/entity_search_public.json,29710,274631f2c7e06d6408ad444f08c1dc0338014e8b190e7e4a4b6006cfbee8f68e
data/processed/pass13/evidence_panel_summary_public.json,38534,745cdbd10c46f6941838b94c3cde8478c987549ffd7184519764eb8035a3a7cb
data/processed/pass13/external_reference_energy_public.json,1699,71b7392e3bb8e9a42a96c6b3558fce43ef3bff060d76dba02ca9711d0548172f
data/processed/pass13/hydat_source_manifest.json,1688,8df938cdf361176fe0cb787b21ffe0cf6fc60a84b4d9cc29aba9ab7f84e097ec
data/processed/pass13/hydro_evidence_matrix_public.json,97640,697dde11367b3a333820a175c065443a7d92912ea2c889b3b71316e66451ef7e
data/processed/pass13/hydrometric_stations_public.geojson,21727,bc63d999ca4e81702fb90b1d0cd79144c47b1de3ca243d9a0cf053f464010a60
data/processed/pass13/release_manifest.json,456,fa3dfe82711efb3e7e568eac5b22cf9f8ba5a6447121465810aa7b530962efde
data/processed/pass13/research_evidence.jsonl,78922,82851feef8ee8d58f501dd3eb562d1d23eeb33383fc0fdbf849b10ee6943187b
data/processed/pass13/research_evidence_relation.jsonl,35535,d3136e237892008d4bc656a74b20c1e5ae93a4ebd310900a2ee323067e6f8636
data/processed/pass13/research_evidence_source.jsonl,34322,8fbd90099e9a7c8ae408d4f7db9c2f3b63452bb95dc05f699e7210a348d04eed
data/processed/pass13/research_observation.jsonl,43826,601d6b7ddea03628d70c329ec782f5d9d8194baab63f8f55da8bd31b9aae7fbf
data/processed/pass13/research_observation_derivation.jsonl,0,e3b0c44298fc1c149afbf4c8996fb92427ae41e4649b934ca495991b7852b855
data/processed/pass13/research_observation_series.jsonl,0,e3b0c44298fc1c149afbf4c8996fb92427ae41e4649b934ca495991b7852b855
data/processed/pass13/research_screening_dimension_state.jsonl,120173,50f57d456b2c370587e536ea93a48b60c62c961ce94d9d0712a7feb3831cd6d0
data/processed/pass13/research_source.jsonl,23233,26d3bf52ac8d9fb634b3ecbc83e5a4ce8b33397c2eec7366cda126a12f54685e
data/processed/pass13/screening_state_override_pass13.csv,2573,2c311fdfa6504f161f0b7d538931b4822a36f3c8ed7aada8502cbb3e664163b0
data/processed/pass13/story.pass13.json,3073,5485971d5ca5247462df6ecc6e314f6977b3a6936eb35ef140707e859fa27abc
data/processed/pass13/system_dataset_schema.jsonl,2241,9c028ba9eacbb3493f1031eb55117ae0d40f4b294d5b4d9093a6cfb63bc3564d
data/processed/pass13/system_governance_state.jsonl,240,08763c192ad6394c2537139d561d324c854d9c469bb22ad1ab51020a299dfe8d
data/processed/pass13/system_ingestion_job.jsonl,114055,4ca992f29a9d882a9fb3b74651cc076a93292536b5269ce5c4919fc7e1a40b85
data/processed/pass13/system_layer_catalog.jsonl,6628,a8903c9fb309d5f4a69ec4f5dbfa034e6d7eb70858a2684abdc9c5bcee20777a
data/processed/pass13/system_metric_registry.jsonl,6288,637c3aaafa0199a540915eebc82056833384a101a4bef7de9d5817dad9387467
data/processed/pass13/system_release.jsonl,382,853560f7c45888d4fa1cb18e391017592af7cadb3835f94354f13e88eb3a4780
data/processed/pass13/system_showcase_story.jsonl,2472,bae082e0e310d46307e88c793f4d6bd3c007fa84bbc1349fe01f4e872b809618
data/processed/pass13/validation_result.json,77,76a928633b13673cba8cf008e86530651074c02ce5d034a335a16a01387a163c
data/processed/pass14/QA_PASS14.json,1588,9878980eff98076fbd54957ee2919700158c026c5f743076ba78695b50a67f89
data/processed/pass14/catalog.pass14.json,11861,a6f68a32f11f3644c02c9927bd496e59366cbb30a83bc199440caeb39a6c484f
data/processed/pass14/economic_benchmarks_public.json,5744,627ea7eec6c0ed9a6d527fe73dd8567ef8cbda42ca8483b70cd4777e07ccaca3
data/processed/pass14/economic_frontier_cases_public.csv,7272,9de0c49ed247673f5dee97a302772c8648d05e555ab4dec82ad788c82a3e991f
data/processed/pass14/economic_frontier_summary_public.json,1083,32a96bc68151eb7eddd7edd462ffea8ecbcebf56bb87daac856816a96a6a2146
data/processed/pass14/release_manifest.json,542,86c4c989fadd6757af2c9c399e935142a1ff3c98ec50e013304445771c975c8a
data/processed/pass14/research_economic_benchmark.jsonl,4526,946ad01de094cf18cdf6264241f6bc244585eb010a4cf5a7919fada500b05d98
data/processed/pass14/scenario_assumption.jsonl,6958,8d3b3bb00eb3e70c53ce5a10582dee2a68ccb668c8e550a121026b145b60c409
data/processed/pass14/scenario_comparison.jsonl,607,8a4753b672a974206fb8fdfd5d8d66a1a84078fe439ddc40a9979fda2411d7ce
data/processed/pass14/scenario_result.jsonl,1359,20be9f5e22c651b12a3561d00a041e79c9526808bb05c9cba74b7d5f47feb9c0
data/processed/pass14/scenario_scenario.jsonl,1970,249d44086f315b7dadcda21b3ab059df5167cff39264ce842957c11f90d3f918
data/processed/pass14/scenario_sensitivity_case.jsonl,76554,94b6619679c7e1e9382ee11bddea2a9a0711cdad5625c76c61679deb931260d8
data/processed/pass14/sources_pass14.json,6514,c94773d4e98df733418a38a399363083ebd9553914b22574ee271c9f7c0323af
data/processed/pass14/story.pass14.json,3858,4493d4c3261c35aa6af3bc677f50ef004511f19885934a4f1aae81b637b29c32
data/processed/pass9/GEOMETRY_INGESTION_LOG_PASS9.json,2358,db768de30d6746bf6e4eadb6f2fd30e4535e5927481c00ede45b4505e145e724
data/processed/pass9/HYDRO_ATLAS_SOURCE_HIERARCHY.md,1037,5961a2e8d7062129774b16e2d9b3caf584b662ba599dc1784a4eeca9d1b5f4b4
data/processed/pass9/HYDRO_RESOURCE_ATLAS_METHOD.md,1614,8f9e8b772bbb76a2277274913c0a8e07be1005860d89ba9edd50ae88450ba6d6
data/processed/pass9/LAYER_INDEX_PASS9.json,2571,ada78addb26f91f35a467255a38b480cb89c7d7111594706f516d250c13ff0d7
data/processed/pass9/PASS9_CHANGED_FILES.txt,1514,a9acf9094e3ec6012cb81c47bc588515bf13855c6915592b347dd86aab1f8fcd
data/processed/pass9/PASS_9_REPORT.md,2670,5edc0dfa6e26b2388da620a439ef141daf27091b8ee8269e13b163cb8cbb114b
data/processed/pass9/POSTER_HYDRO_ATLAS_VIEW_PASS9.json,1191,2800814ce33d71b22a0a1713d8ed776cae57517dcc3303f802c6101f46ea8e4b
data/processed/pass9/QA_PASS9.json,651,41f529d81a07034a996f62a1dc888e161e84ece4cc9ca2978f770d26dd0b0450
data/processed/pass9/README.md,742,505a51703614a36e4c0edfb08985af46d3f38e696d928ca8d88db0cc98805792
data/processed/pass9/REPO_QA_PASS9.json,408,9f987e057202e0f47d7e4c71c85c71e1f8826712a20d5a88fd0efe99f16c90df
data/processed/pass9/layers/34_authoritative_watershed_polygons.geojson,39974,87d77fe5747e6ab26df2bde05a2bfd8e9fc3b59a359192390a06ade12a4cda22
data/processed/pass9/layers/35_authoritative_river_reaches.geojson,42349,fb75439e0da228dea13848f7842711882b33faf060ab2cd68edd11a64573a2a5
data/processed/pass9/layers/36_dem_terrain_profiles.geojson,34529,4555b9025f2290a29f7040d3a915849777df4af83943be284b2258d7a97401c1
data/processed/pass9/layers/37_hydrology_observation_profiles.geojson,45800,bb4dbc8ffab068e17111f9a81a0fadf40d0f9c8c4907373c110c9e888cc30433
data/processed/pass9/layers/38_hydro_research_reaches.geojson,47976,c9324db639e50ac1aa7029bbbbe28c7cb79f19a619ab2cc36f80f173534b0ae8
data/processed/pass9/layers/39_reach_logistics_context.geojson,32150,47ffe7cedb1eae7ea0cd7d6602876b792100d2bc49f6a241fdabc71f4f019c97
data/processed/pass9/layers/40_hydro_opportunity_evidence_matrix.geojson,52583,b932d7044825c207aa99c94b97102bbe8a75b8fdb01f9356fd3a116b0763e6b2
data/processed/pass9/pass9_hydro_atlas_index.csv,4081,5b3d9b7e82d6c19e621cefeeb4aeb8f83d42941fa50653e0fb5f2a73a6880253
data/processed/pass9/sources_pass9.json,6461,e5aed5c365f85e4c135508ffd8a49d877a93f36f9721dc05450e82fef85c7836
data/raw/Kristal_Farms_Partner_Cost_Advantage.xlsx,21756,f9cfa51f606d4e1bb3f8d7798d43f24e0361c603ef3f9cb82314ba77cc623afc
data/raw/kristal_farms_village_inventory.csv,5511,8a36409940b17052a2fb5df532107b9980349cfa08ec8c5580edd7d72d5a88e8
data/raw/labrador_hydro_google_mymaps_points_v1.csv,85544,83422c25b99453d3e320d78691a34588994ee43d3538573177bc1d4756e708d5
data/raw/labrador_hydroelectric_potential.csv,51794,82c5b56e57475e8f1996be3b690eb249862d913deed71a627c84fb3c2b75a297
docs/00-control/BILINGUAL_MATRIX.md,3274,c71a4f252f1b20657d6b9ecd2f502e32bc93db927c3adc2797794f486cd2f5f6
docs/00-control/CLAIMS_TO_VALIDATE.md,11195,b5ad16d452ad774f010fdab121620e1ca17d22150af75cee57ff4e4eb18ef74a
docs/00-control/CONTENT_SANITATION.md,1604,c3860052d7ae8ab8371c27b8910d47d0f962b083965cbe6e5164b39deed9e7bf
docs/00-control/DECISIONS_REQUIRED.md,7535,d00f0be559297b3aed7b2edada64c68fb99a34f782cb91a516296b4254f8662f
docs/00-control/DOCUMENT_AUTHORITY.md,4553,4d744e55b4927a4a3de77cbe5ab8cadb0c73cd9ad81ab90327b9eea299554875
docs/00-control/MASTER_INDEX.md,8065,6b03f87c9d9082c65d70f313005bd0e2d54bbf1ac027fa781e3db1525454a177
docs/00-control/PROJECT_STATE.md,17336,86b09dfd22014ed792ce3a6dac9d79fa732b9aa8b22df0f55c4e9279c45914e9
docs/00-control/QA_REPORT.md,6766,3487a367cabf46ca1ceebd62fdaf788f04e409158c4ed30f368c8f6ad3cc1b22
docs/00-control/REFACTOR_NOTES.md,4163,900e3dad0ce7569d9f03258f6b40962f1c834f1710884e8d92f464328e93083f
docs/00-control/RELEASE_STATUS.md,2963,6028929b31441516858e29cc90483c881a06be27d20dbc8b494b5ad4818b0588
docs/00-control/SCOPE_BOUNDARIES.md,4108,cf6cacab868fecb7621e5157960d5bbf4f62a99f073f234cfd5fab6ff79ee9fa
docs/00-control/SOURCE_TRACEABILITY.md,13352,d2cca70b915848e2e5adb4f002dcc43a48e6b2b3ae31a63dbd6e8c11fdcf71c8
docs/00-control/STRATEGIC_PRINCIPLES.md,9521,cc5eccc410c08fedab6201482e111b8fa1e80e312d61772a8513ba367aba218a
docs/00-control/WORKSTREAMS.md,6423,21e50f8a3a3f3acdfdb55ca3bcf55b145efbf756436ad9bb20b5bbae435bb626
docs/10-core/Kristal_Farms_Internal_Reference.md,81362,ff4de9f79db4f5fa452c65f31ca5e8a4a4d029248af67e556685cc3c2d165ea6
docs/10-core/deployment/Gradual_and_Harmonious_Deployment_Plan_EN.md,13119,7a008a56c0076892cca5040283b1fdfea563d61762bca2bc10b116b48e1d0402
docs/10-core/deployment/Plan_de_deploiement_graduel_et_harmonieux_FR.md,15576,589597dd4fdd556c8872049b05f1f0e22a41d173aa62db1944d78ab39dbd464d
docs/10-core/education/EDUCATION_PROGRAM_GATES_EN.md,3066,b939f486bf60b20131069236f1113e15a6e2468b76b13086140aa0e3360b502c
docs/10-core/education/GABARIT_CHARTE_LINGUISTIQUE_FR.md,4123,42dec1d81a4894ddc2f2a18a6c5b9c44823926f5b8ce63b3c7828adf30ca50a3
docs/10-core/education/JALONS_PROGRAMME_EDUCATION_UNIVERSITE_FR.md,3510,d5734f0654e5adfce17379e2afc89af470a05787dc06ed9232b0d32390a8940e
docs/10-core/education/LANGUAGE_CHARTER_TEMPLATE_EN.md,3483,afb191790560f113ecf1e512863f4c923bf45d0d4fcaec72b9044e658e4bb80c
docs/10-core/strategy/CADRE_DIGNITE_HUMAINE_FR.md,7803,7af28c30642c651246e840dd705b35b82ef222d0829ca900b2e2bfb8dbeebc38
docs/10-core/strategy/HUMAN_DIGNITY_FRAMEWORK_EN.md,6657,0864a09fec0fec59b089890a7f244dd1c03388576953776332766237efdfd6bb
docs/10-core/strategy/HUMAN_INFRASTRUCTURE_VISION_EN.md,5600,82eba8c0b7e6618116d669d7a4be59f93d37289c931b9b680a0ba33703867e8f
docs/10-core/strategy/INTERNATIONAL_LEARNING_VISION_EN.md,8109,ebee115705c8b127edc1eda8921419383460004591c2ddb0cacc12fc7e4e1ca3
docs/10-core/strategy/PLATFORM_VISION_EN.md,9157,7d64b7ec4e598e97e3b569f81d31f0e7d3a1f3728e0ecc2969d1fb79eaea55d2
docs/10-core/strategy/VISION_APPRENTISSAGE_INTERNATIONAL_FR.md,9495,f5bbcf70c835a6d83f022abe795dd62d4b6245caa717d56870d161471d1ce438
docs/10-core/strategy/VISION_INFRASTRUCTURE_HUMAINE_FR.md,6814,31c1eb6b4affc016e2a13674896f4a62777b17a761dd1c012de7f03e4c903f21
docs/10-core/strategy/VISION_PLATEFORME_FR.md,10324,574825b5f71aa5bb32eab67686c6d1fdda6e441ff6785e9aff2feb442b15666e
docs/20-partner-package/README.md,1870,c8ed6980e2bdb3700ee819dafb6e8aebcdf210fd18d0c8373bff055eea55c84a
docs/20-partner-package/V2_REBUILD_MAP.md,4391,cd4307991189262ea7545d15b2056a659a027e5162d12d98e3629e4a8d5b6969
docs/20-partner-package/V3_REBUILD_MAP.md,2182,8844a450bd72073b67595fb458167c7fd424e70a151219e6963f098a06e26ba6
docs/20-partner-package/en/markdown/00_Kristal_Farms_Partner_Overview.md,26476,cba2cef18dab29fd53b63eba6b2cc7e660f347b866cc3b93729bf868c4b787ef
docs/20-partner-package/en/markdown/01_Partner_Ask_and_Roles.md,21801,dc9db9b6d15329d5de10a692d7f3a5299eae7a9617c184332bc2890b3f81edfb
docs/20-partner-package/en/markdown/02_Labrador_Coast_Project_Thesis.md,22582,28be7157b3dcacb583a4ab6847fc12d4b58cf0c4816561438708db07dfb12297
docs/20-partner-package/en/markdown/03_Cost_Advantage_and_Strategic_Rationale.md,21986,ddf19a12b12254b7a74418dc5b4be606b5a1206dc817d5da1320ac238522ce79
docs/20-partner-package/en/markdown/04_Project_Map_and_Site_Inventory.md,24099,90cfc3c9e346d6a1f5d0790b31ca4da3334db4bac5dccf786623ec35295ab1da
docs/20-partner-package/en/markdown/05_Labrador_Coast_Hydro_Screening_Appendix.md,28337,92572f308d9cd0bbcd58489354bac138423a8fc2bfc7ea2dcee29d1ff77a2ef1
docs/20-partner-package/en/markdown/06_Technical_Architecture.md,34020,8243d4ad3c69144854b07f03e62ca8b09f8421dfefa0c4c69bafb53cadd6191c
docs/20-partner-package/en/markdown/07_Heat_Recycling_and_Community_Value.md,26458,bb5a95efcf467f47286ffea4b387614335a8858f04216e0f6784c40ece5183c1
docs/20-partner-package/en/markdown/08_Connectivity_and_Black_Box_Tenancy.md,24355,52cae07581985cbb22a54883ef1c2a82e1e23b749d3de18da707f68f2cbd5fed
docs/20-partner-package/en/markdown/09_Commercial_Model_and_SLA.md,28141,0495898a8452a50223d4fa5071a485eb11a35435644b1f2843db51109baece9e
docs/20-partner-package/en/markdown/10_Project_Roadmap_and_Decision_Gates.md,28018,2553791097f99c1a47f6018f0b09d969780b57125d3a8ff9da1be02886c0ab29
docs/20-partner-package/en/markdown/11_Governance_FPIC_and_Community_Benefits.md,31735,03041868dc552bcfb8819ee6dbb99099d870d4136d578254c06c6e97231552fd
docs/20-partner-package/en/markdown/12_Metrics_Dashboard_and_Audit_Framework.md,24936,f7d0d77c5cacb725055e73132f310c0e98e45f93ba04ebc82c9db977581e981f
docs/20-partner-package/en/markdown/13_Risk_Register.md,30232,828ba04e7d78dd57f0bda7744c825add0622dd2b888aced044376cf01c1c67aa
docs/20-partner-package/en/markdown/14_Data_Room_Index.md,15993,fb150e001d81b72bc3508bcda0e8785aae4a4e56887ff15b712fed7118a56092
docs/20-partner-package/en/pdf/00_Kristal_Farms_Partner_Overview.pdf,256910,016e7ca06f975664ac4bf787c70ba520d4a9cf3914f52c88e1e2b19dba067a14
docs/20-partner-package/en/pdf/01_Partner_Ask_and_Roles.pdf,215949,d8043c44bc3d6f315a7ffd8ab4baf47c9432731c2033a6863537b9e695ce5808
docs/20-partner-package/en/pdf/02_Labrador_Coast_Project_Thesis.pdf,230291,95b82b90937a2861be48f5bf2ddf639de968810e59696452b8dff8481d6f7d32
docs/20-partner-package/en/pdf/03_Cost_Advantage_and_Strategic_Rationale.pdf,227148,f4f7a81b618a0d074e1bbf3f914edbfd635cff412c27844486695e7eece1ffc9
docs/20-partner-package/en/pdf/04_Project_Map_and_Site_Inventory.pdf,296221,a54eb4c3cb479462142be1f39c0ea90674345550307cab8dccab5ffe27e828b1
docs/20-partner-package/en/pdf/05_Labrador_Coast_Hydro_Screening_Appendix.pdf,325459,3c4bcc8a03c25d5429507d32d6e25776e704c09c7cbd27ff3918e46de4a96be4
docs/20-partner-package/en/pdf/06_Technical_Architecture.pdf,366180,b7265bc1ccbaaa470ff0ffb3c53ea97e1434f229226c85aa15b68fcfaf74acbf
docs/20-partner-package/en/pdf/07_Heat_Recycling_and_Community_Value.pdf,299880,099d092c9ead2b580d5c275ec5e4706c7aa4d9f383a78e652d9682f7cebfc404
docs/20-partner-package/en/pdf/08_Connectivity_and_Black_Box_Tenancy.pdf,240547,aba8349c6072117f2dda65efb5748578bbc6ec99dd94542d52b929323b9b7c3d
docs/20-partner-package/en/pdf/09_Commercial_Model_and_SLA.pdf,297533,773f6b58bf611f036064a03a3bdcc4749b2254be08158c66a97472867ccd9961
docs/20-partner-package/en/pdf/10_Project_Roadmap_and_Decision_Gates.pdf,323078,e5ea6ec92813da6ef2bf7add0c0b04e27b650811aa2ddfa5030065cec9d6e221
docs/20-partner-package/en/pdf/11_Governance_FPIC_and_Community_Benefits.pdf,338811,57c4bfee27c624c54c0f267f4c39780f8899d26fe21e7f7535ee68a23968c85f
docs/20-partner-package/en/pdf/12_Metrics_Dashboard_and_Audit_Framework.pdf,355632,7f6758fbe85b4aa0d500dfea00767d31b018a79b999c28e1057d603dbb3a2970
docs/20-partner-package/en/pdf/13_Risk_Register.pdf,331170,4f13e226b6218f429795fe9cbb958d80e54825da8b54082147693ac46604b7a6
docs/20-partner-package/en/pdf/14_Data_Room_Index.pdf,211368,999f462e9e6bc398712715a1c7c9e3916ee10bec21d2e93b624867ff209d2bbc
docs/20-partner-package/fr/docx-logo/00_Apercu_de_Kristal_Farms_destine_aux_partenaires.docx,1450623,4f011816fdbe627db065c06b45d4db802f399f1c335ffdc4bce6cab8b6ea8eae
docs/20-partner-package/fr/docx-logo/00_Apercu_de_Kristal_Farms_destine_aux_partenaires.md,40630,4dda30b935b97913e8b4f3637cdf9896eaa6562922d44ab87799ce0999a2c848
docs/20-partner-package/fr/docx-logo/01_Demande_aux_partenaires_et_roles.docx,1445741,894fb9970c928378b087f07cd93672817ba3c72f2cfd593b62bc13c17e5d3225
docs/20-partner-package/fr/docx-logo/01_Demande_aux_partenaires_et_roles.md,34312,5f1bb86eb554aa8b4580d06f2810c72af28b16f6c829fa955340d5b897478f86
docs/20-partner-package/fr/docx-logo/02_Projet_Cote_du_Labrador_These.docx,1445299,c18056ebcca464e128523a2113adbfa13410e92f2f90fd087385343fe4110fa4
docs/20-partner-package/fr/docx-logo/02_Projet_Cote_du_Labrador_These.md,33460,14c2b62dbbb5a395d5a08842dbf5b6462de54ffb976c974edd53c102980ba3d0
docs/20-partner-package/fr/docx-logo/03_Avantage_de_cout_et_justification_strategique.docx,1654734,27d675c0e93dee5951318800c68ef162eb760240384f838f9806dd54e7ee4bad
docs/20-partner-package/fr/docx-logo/03_Avantage_de_cout_et_justification_strategique.md,34047,969c832ab633cf26ad1607a3a80aa5df53768867d42ec986d1c8b28e3f49ecfb
docs/20-partner-package/fr/docx-logo/04_Carte_du_projet_et_inventaire_du_site_FR_md.docx,1659298,a8eb5bc0676f629b4a76392b978f11f31adc45edcef78d619cc27f28d44c32ca
docs/20-partner-package/fr/docx-logo/04_Carte_du_projet_et_inventaire_du_site_FR_md.md,41651,7ca629d28f160946dbf855e9d97d2e8788639e2729be7f111286fffabbfc9095
docs/20-partner-package/fr/docx-logo/05_Labrador_Coast_Hydro_Screening_Appendix_FR_md.docx,1662409,f0da13a0c5de14ac760ca09d39735b823429c0265cdf09ab89c4ee84bb9f7212
docs/20-partner-package/fr/docx-logo/05_Labrador_Coast_Hydro_Screening_Appendix_FR_md.md,45326,4f364fda8fd9e4e7ca913c513a3a9f7ae828b43ec919c330d6e59166b2ff135e
docs/20-partner-package/fr/docx-logo/06_Architecture_Technique_FR_md.docx,1460931,aba6bd8d5b85e91815ff15d34bca9f75684ac0f02705cd6d1048a6edf81fb132
docs/20-partner-package/fr/docx-logo/06_Architecture_Technique_FR_md.md,57388,6bc91cddab7d388bf44e02ed52c4874a43e97477f188c4e5ac0fc5d9eeba6938
docs/20-partner-package/fr/docx-logo/07_Recyclage_de_chaleur_et_valeur_communautaire_FR_md.docx,1662386,f3fac20e0ec93b00e8a739df5b0c10e346c67a1e1ba98034576b48a42f674f13
docs/20-partner-package/fr/docx-logo/07_Recyclage_de_chaleur_et_valeur_communautaire_FR_md.md,43655,7c0279b77120febfca9a1100ed35e55188619c04fe8f428ac2c83775c646293f
docs/20-partner-package/fr/docx-logo/08_Connectivite_et_location_en_boite_noire.docx,1448289,dad9329b1a9d356354c88ada684c99082a2b2f616f5b9ecd0d8a700d2140104a
docs/20-partner-package/fr/docx-logo/08_Connectivite_et_location_en_boite_noire.md,37374,0cb8a9ad0e62da235b1c690a5237ebfb8e93f6cdd1f7480ce8ecac5209ae344f
docs/20-partner-package/fr/docx-logo/09_Modele_commercial_et_SLA.docx,1455475,68bf1f0d1ac9424ec1297364c1209b9dfda0767ed40c9cd98d4ae6a674930e0e
docs/20-partner-package/fr/docx-logo/09_Modele_commercial_et_SLA.md,48118,22b59a3e3e707ac5a0b1a8189ff8bcad0eb1e4118cd9a74e6ff2cb361c1f71b9
docs/20-partner-package/fr/docx-logo/10_Feuille_de_route_du_projet_et_jalons_de_decision.docx,1456778,f85fdb2f0832c72afb86ec389d4c53a3b780cdd826fc5bef1deee5bd995e88e9
docs/20-partner-package/fr/docx-logo/10_Feuille_de_route_du_projet_et_jalons_de_decision.md,45384,3cae470cc00c8a31a159ae71e1bf63f9a4d7dbd57dd5062dff646be1c21d9815
docs/20-partner-package/fr/docx-logo/11_Gouvernance_CLPE_et_benefices_communautaires.docx,1665435,ac1d1db3bf96bcfa64e6c2be66bf9a12e50b2d4092d3132e4a060af2d6864fb2
docs/20-partner-package/fr/docx-logo/11_Gouvernance_CLPE_et_benefices_communautaires.md,44412,c30190a050d850a16f3e05c659e048ba96b4b98d2cf3da29304d29b5f951c8ca
docs/20-partner-package/fr/docx-logo/12_Tableau_de_bord_des_indicateurs_et_cadre_d_audit.docx,1451347,ac199f4160bf635a24da02c175f4d81cd472480bf1f0516ae4d393524fd93b49
docs/20-partner-package/fr/docx-logo/12_Tableau_de_bord_des_indicateurs_et_cadre_d_audit.md,38018,1920cfe583b374641c09e20ec16aa5a171d10cdde32be003e58d11026b3f5843
docs/20-partner-package/fr/docx-logo/13_Registre_des_risques.docx,1455030,d0eb622733f162bd479571c5325fed17e2de48b5fc9f0fb93917d833d4373626
docs/20-partner-package/fr/docx-logo/13_Registre_des_risques.md,48763,ee3de1fd0d093ddb56886fd7c51f0150b46b9cf69b3e04e349edf3dfe386e1fc
docs/20-partner-package/fr/docx-logo/14_Index_de_la_Data_Room_FR_md.docx,1798509,7e7e75900642bd18de21e9cb3d64328178b1f58b040c917fadbe3a81c44c599e
docs/20-partner-package/fr/docx-logo/14_Index_de_la_Data_Room_FR_md.md,28365,7aa5b67f2201dd4a2d99f1a43eb3ccf9e3f2c11e4c7441222dd0a9544b6b4012
docs/20-partner-package/fr/pdf/00_Apercu_de_Kristal_Farms_destine_aux_partenaires.pdf,338581,9eb469976751ec2bd89f8c5fee2d2e2774ce42c59b5232c9caab1ecdb4397486
docs/20-partner-package/fr/pdf/01_Demande_aux_partenaires_et_roles.pdf,265748,62eac45cef1a643fad0b46b5ab6bdb098e71c1acd92dd8b2102ea541db73e267
docs/20-partner-package/fr/pdf/02_Projet_Cote_du_Labrador_These.pdf,259269,52a4adaa7716f05ee914ee79a3ee6b86b0673a12069294c007da494b51481bce
docs/20-partner-package/fr/pdf/03_Avantage_de_cout_et_justification_strategique.pdf,276075,011509889a740ce1f31d3856271f871b36093f43c9ed2ec5783891d4840ba195
docs/20-partner-package/fr/pdf/04_Carte_du_projet_et_inventaire_du_site_FR.pdf,363053,59cacbe2114344899b4fa4ec67a25017e43e8d66c5b3e7bf12609e0ed2436e96
docs/20-partner-package/fr/pdf/05_Labrador_Coast_Hydro_Screening_Appendix_FR.pdf,400983,f00340dca4ee47755641b4dc7d9f27536341ac7587aa1e772333355b5b588afb
docs/20-partner-package/fr/pdf/06_Architecture_Technique.pdf,496718,162cfd60f174293e6e02b343af3d2d569a439226ed8a70dba81e022400b2d1c9
docs/20-partner-package/fr/pdf/07_Recyclage_de_chaleur_et_valeur_communautaire.pdf,408079,4e127eaa124123d0f1527e68ab620bc9d629d1e7c0bc6fa7cd6cd09c03a2f9ce
docs/20-partner-package/fr/pdf/08_Connectivite_et_location_en_boite_noire.pdf,311042,786cea828f54eed0f78c5a9214e02a23683b99fdf9002e767b4173f564dba37f
docs/20-partner-package/fr/pdf/09_Modele_commercial_et_SLA.pdf,363049,93671cfa83e41e0ad0b454acd5634e25074fda88914644a533e3c78776ca1839
docs/20-partner-package/fr/pdf/10_Feuille_de_route_du_projet_et_jalons_de_decision.pdf,406065,7d90ac7e66ae26e300aac4669935ecc33e41a5d97f8bac28fa0e07b1c5bd54c6
docs/20-partner-package/fr/pdf/11_Gouvernance_CLPE_et_benefices_communautaires.pdf,401833,71883a7905f07b9340148cf626636edb51795f0fafbf38e280f4b82aeb75fc1e
docs/20-partner-package/fr/pdf/12_Tableau_de_bord_des_indicateurs_et_cadre_d_audit.pdf,373492,bc60f6023ed9641e126d87c9cbabcf31df6ff20a638e99a60f0cba9e337f4587
docs/20-partner-package/fr/pdf/13_Registre_des_risques.pdf,397895,b97e3eaf2ae3df5da6347d2e0173cf70e607802e045116298987d0bf29c71a22
docs/20-partner-package/fr/pdf/14_Index_de_la_Data_Room_FR.pdf,245347,73e8fe6e23f29ac91cdf0fda70ea8749750334e80eb8ac63f6c1f539fbc1fec6
docs/20-partner-package/v2-working/00_Apercu_Plateforme_Kristal_Farms_FR.md,5609,729dfa84cf3099449dfeac5a52d375b2306dc65f87df604f501cb73300f993f1
docs/20-partner-package/v2-working/00_Kristal_Farms_Platform_Overview_EN.md,4843,f6a6e0fc874d4b73b2ec6bd5b4c157ecf92236becf9d9a04330554e9686ba8ca
docs/20-partner-package/v2-working/README.md,458,120a138f72c59ad5aa3ab270569f206d9cab4d8ae84b9812323eeee11a1e6833
docs/20-partner-package/v3-working/00_Apercu_Plateforme_Kristal_Farms_FR.md,6808,c977e159e9785a610a75c722f13c58ab3ef14ed42d212757a798ab4ae9f91363
docs/20-partner-package/v3-working/00_Kristal_Farms_Platform_Overview_EN.md,5766,778a1b9759355abcdc5651a13b8061326a17dbcc42fe7e92ebaf0a692f28f315
docs/30-site-screening/climate/Northern_Village_Precipitation_Source_Data.md,9214,f5c07e940796f1970eedf182bfaa9abc0b342248f65d4710ff7cab51d6830dcc
docs/30-site-screening/hydro-atlas/GEOMETRY_INGESTION_STATUS.md,556,fb97078f1b2ff8d49c11c7b8b48261c51e942c628ca9b50c27fd29349489ce63
docs/30-site-screening/hydro-atlas/GEOMETRY_PIPELINE_METHOD_PASS10.md,1408,1962bd5ddfcca15a1ea233828af54a27fe431696d35775a9aae02b84f5f6161c
docs/30-site-screening/hydro-atlas/HYDRO_ATLAS_SOURCE_HIERARCHY.md,1037,5961a2e8d7062129774b16e2d9b3caf584b662ba599dc1784a4eeca9d1b5f4b4
docs/30-site-screening/hydro-atlas/HYDRO_RESOURCE_ATLAS_METHOD.md,1614,8f9e8b772bbb76a2277274913c0a8e07be1005860d89ba9edd50ae88450ba6d6
docs/30-site-screening/hydro-atlas/MANUAL_REVIEW_GATE_PASS10.md,812,7e7c106fcaea2503f9f31f3475b51560d4d05421cb0d8cb41979b0154bc864c5
docs/30-site-screening/hydro-atlas/PASS10_GEOMETRY_TERRAIN_PIPELINE.md,2181,0807d7f367647adc472390cc1761c7445c35b950764f53f947ca8b21aede9d2b
docs/30-site-screening/hydro-atlas/PASS9_HYDRO_RESOURCE_ATLAS.md,2670,5edc0dfa6e26b2388da620a439ef141daf27091b8ee8269e13b163cb8cbb114b
docs/30-site-screening/hydro-atlas/SERVICE_ENDPOINTS_PASS10.md,1424,3bf6c850f7207ebee2b7ca3f080b683cae4e08a27e6eff1babf5068253885b51
docs/30-site-screening/infrastructure/STRATEGIC_INFRASTRUCTURE_RESEARCH_AGENDA.md,4270,3f368b3a6ac6a2a7aca9560c96cd4a6ae283b80baf55fa99fb9a9d154d770b33
docs/30-site-screening/labrador/Labrador_Rivers_and_Hydroelectric_Potential.md,19146,175194da6f7d11208be048719ba103a883f2430584155a5143db9624b878c03f
docs/30-site-screening/nunavik/Inventaire_preliminaire_rivieres_nord_Chisasibi_La_Grande_1.md,33181,0d1718aa7651d8dd222fe743faa80d460a493fdc6927f9ac3b97c51d1e6f8a5e
docs/30-site-screening/nunavik/Rivieres_littoral_ouest_Nord_quebecois_nord_La_Grande.md,25412,6bb8e2228bf9e2809db9aacec737b8845caf6f1e41d206c687a8442399f49ac6
docs/40-economics/Couts_ligne_transmission_cote_ouest_Quebec.md,15462,7f8b02398f0cd822476f6573686db0431d5382b52aac2e6c471ab1a13dd02194
docs/40-economics/Economic_Cost_Advantage_and_Savings_Model.md,18315,d8047c508f51926065928e22057cac4623bd1abb302cf8293894da46c7cc09bc
docs/40-economics/PASS14_BENCHMARK_REGISTER.md,1158,18fe672a2daf19da9a67dd5bb7d54efe21b22801284fb681bc12f8763b779a4e
docs/40-economics/PASS14_ECONOMIC_ARCHITECTURE_FRONTIER.md,2308,d2f4bad2069717546d0ab7ce5992358dee1b5bb50db055dc7f7c7258af35f828
docs/40-economics/PASS14_SCENARIO_POLICY.md,590,aab1eca723721196abafb984d58120b1565ae5d13e52ee90a1e3bbade6813df6
docs/40-economics/Repartition_couts_ferme_serveurs_Canada_refroidissement.md,11884,2ddc23a91228dbce649a0af58450bf8d858dc6f9c19a9b30b724073b54f982fd
docs/50-research/Partners_inventory_deep-research-report.md,47928,530675ba9c7b117295daae9e3805d713029fa875cffa0f9d68c7d80a897d0ac8
docs/50-research/governance/HUMAN_RIGHTS_REFERENCE_BASE.md,2780,04de105302e8df82b14d8ac8abfb407529621557b759cecdaf619ddc0abb80b6
docs/60-platform/ADR/ADR-008-canonical-entity-supertype.md,803,9bfc9f67d241bbe1174b3f3ff87485955964506bbcd4d16b2bc85f6147197836
docs/60-platform/ADR/ADR-009-natural-features-for-hydrology.md,858,7544278b808aa8f66acd9e24a800baf0a2e4f1bec45b617b161fee234475fb1d
docs/60-platform/ADR/ADR-010-pass-layers-are-ingest-artifacts-not-domain-model.md,690,2d5c004bff4e58ebcb1b4e8856e004d6ea4b3a668cc8cf53d9dbf81374d394a8
docs/60-platform/ADR/ADR-014-integrated-atlas-uses-relations-not-synthetic-geometry.md,816,0c1f35c89b795b067c9830ceb6a262d9ce417977d72b1e333693d242edbc218f
docs/60-platform/ADR/ADR-015-legacy-screening-is-provenance-not-governance.md,474,c8c2fd4c217ff0a9deb8a0421c735dc980c08fe9b0e849696aab069610fb440b
docs/60-platform/ADR/ADR-016-public-release-is-immutable-snapshot.md,369,a497782975ed501d972d9f1633364a37ffb0fa50659bda7242a344ca31f5042d
docs/60-platform/Kristal_Geospatial_Platform_Architecture_v0.1.md,42575,2cf9b46e2b3f235fdffc260995c889ec501551518933851d5a0fa426ccdbb38e
docs/60-platform/PASS11_HYDROLOGY_OBSERVATION_PIPELINE.md,890,1c0da6800d886b72b696bdea5edf71e4f785cc7151b02275e52c2b54e426b353
docs/60-platform/PASS11_PASS9_10_MIGRATION_MAP.md,2082,51030d98ada9ea0cbbbdabdbc391a5e5b218a2a008cfb6f18b60b6a652953a9a
docs/60-platform/PASS11_PLATFORM_DATA_MODEL.md,935,2d75a368514d8a842992d6435f2b2597e98a7d8637e71f287a49d8bb9e2dd52f
docs/60-platform/PASS12_DERIVATION_POLICY.md,836,9e22c553553fb4f2688d5629ab927902a8258c6f2f1c6d88bc7260a0d7c4b353
docs/60-platform/PASS12_EVIDENCE_MATRIX_UPDATE.md,735,b3836c81a62914ec448a3946d3f26675442f90ef33ff376f73a896cb1e210a11
docs/60-platform/PASS12_HYDROLOGY_DATA_CONTRACT.md,1649,ba4e0dcca5fa7bd683cca55644c3da068b610da6c302097590c63eaffee5b576
docs/60-platform/PASS12_REPORT.md,3559,582fa3d910e94e3be85e3e9b187ec135bdb6276c1bfdac4ff508b40764f7ffcd
docs/60-platform/PASS12_SOURCE_VERSIONING_AND_TIME.md,758,d437aecd39f1d953ac20a4a7bf375567beb0550330efa82898c6da3e2ca6c834
docs/60-platform/PASS13_EXPLORER_CONTRACT.md,751,5d97ea1030b0a8cad1828685705ac389b58a7ee480bf32e794b2c294e4667225
docs/60-platform/PASS13_INTEGRATED_ATLAS.md,2164,fc79e7f0a948c783807139f0d244aee6ea814a963b36a6af053904a315933820
docs/60-platform/PASS13_INTEGRATED_ATLAS_DATA_CONTRACT.md,885,1d20d6df49e8462a2b3f49e5761dfb572cbdc7dea0465fc704675e955c3c4f89
docs/60-platform/PASS13_SHOWCASE_CONTRACT.md,768,044f0f7a7e0f6a47e4c4030fcea59f14dc480b95c8f43ede910210ba2d289838
docs/60-platform/PASS14_ECONOMIC_DATA_CONTRACT.md,748,0ecfbb3173a891883541ec20b94713cb1126d56e90d69b2657060f9678da7273
docs/60-platform/PASS14_ECONOMIC_METHOD.md,1566,d854a208af5d0525c0a262acb4a090ab4fde21e3ca5c6d0bda2b127231a711e8
scripts/pass10/common.py,491,bba4309343c5fa86605e0605e11acbde986d9142f721c5cbb86d7885fe7d0a6c
scripts/pass10/compute_reach_terrain.py,2588,a8a6a7e90138b60ab00b9b6b8742c1be4235b85f4ba0106980ed97e16adf2260
scripts/pass10/fetch_canada1water_candidates.py,1424,b77a752391a4a90d415e2b84131f84da6bb3a7ca59ca75c1930b157b7ddf67e9
scripts/pass10/fetch_grhq_candidates.py,2139,b80143695f0a4e2c8c0fa984501d07996de19e3d3fce5135161bfcaa626c446d
scripts/pass10/fetch_hrdem_stac.py,1346,91a18ca4af873219cdf003dbd66d4ae98e7096584e86ea3b10a448ff340f5f2c
scripts/pass10/fetch_wsc_basins.py,3424,64c2e1548fdd653ac83189f9cbcb0f877252edb4c9995cbf6769048da704aba1
scripts/pass10/requirements-pass10.txt,83,3c5ca9b643cd06fc00ddc6ff01c7483f290b10f9faea94809d0e8a31e90cf3a3
scripts/pass10/run_pass10_pipeline.py,1103,850e3e30a41bafd5f18dee337697281ea55767460ac096852b09b787af565e95
scripts/pass12/derive_hydrology_statistics.py,4557,193cfefe68de5844e10f9fbc42c63ed869c0fe2648e6f48b724de9fa79c28ace
scripts/pass12/fetch_geomet_hydat.py,2845,ac9eca5ed884a7d54f78e9df52b32dc33e3975baf8efd6f04c5d02cd7eec6e72
scripts/pass12/normalize_geomet_hydat.py,2810,4b59cb6a266d8ff927ce530a064c585a63dee5fe3bd3189c2d0dbe0169484ca3
scripts/pass12/run_pass12_hydrology.py,1025,9cb10e40d8c5ed7c3fb74d8037d046347943ab04d93fc870c12c971f96c7aaf5
sources/extracted/README.md,443,b43472367d16c2da9966861c0ab8446a019c70a01809acb05df6854dd6322df0
sources/legacy/Kristal_Farms_Gradual_and_Harmonious_Deployment_Plan_EN.pdf,116541,190d154895914a4cd45b6094d6afd3367796cb90b3cea83edf1b37c71968eeb2
sources/legacy/Kristal_Farms_Gradual_and_Harmonious_Deployment_Plan_FR.pdf,245317,fef09a255feca8cf86df50f8f1030291683fcdad1f9b86e047c4a887f63a7d68
sources/legacy/Kristal_Farms_Partner_Cost_Advantage.pdf,553208,5727808cbf233ab271f154e145e643bdb03819a2565a1fadd3b3535ca13e43a0
sources/legacy/source-material/Documentation Kristal Farms.docx (2).md,18202,d8454fb2a55d5c5f6f1fc059c5b7f00a821dda4921510fedf0bd683d4cf84363
sources/legacy/source-material/Kristal Farms (intro) ÔÇö Cost Advantage & Strategic Rationale (3).md,6077,19ef4887f69adfdc73fa2068a810aebd0d4577961db3ded830d13f248bb7c837
sources/legacy/source-material/Kristal Farms ÔÇö Heat Recycling Plan (3).md,7574,8e54396849f03085f0aeb0795adec965d9100de973416c78689c10f2b72baaa9
sources/legacy/source-material/Potentiel hydro├®lectrique isol├® au Nunavik et au Labrador (ÔëÑÔÇ»15ÔÇ»MW).docx (2).md,673098,6b174afc13ffd0a2e68dcdaf3f6eaaa1ca9bab9d7f297d67b0a255c16aa8380a
sources/legacy/source-material/README.md,497,f23a2d7b455050a3e62c26156651959c73b0b85136884b7be4a0f23f93f64264
sources/legacy/source-material/Suppl├®mentaire/Comparable Projects ÔÇö AI Knowledge Systems & HydroContainer Data Centers.docx.md,15951,275a3a28e7189448b290daef92e6389acdab3463787cae6bd518c0b7eea08554
sources/legacy/source-material/Suppl├®mentaire/Comprehensive Program Outline ÔÇö Hydropowered Containerized AI & Kristals (Canada).docx.md,42012,3877420ed28591a555d436c338069096a86668266a8b3fa65a0d910887fbbd86
"sources/legacy/source-material/Suppl├®mentaire/Containerized Data Centers ÔÇö Vendor Landscape, Use Cases & Lessons.docx.md",12256,9956663031ad61c0180027b70007bfb319d8a748cf2dbe841c9646a9b2f9121b
sources/legacy/source-material/Suppl├®mentaire/Executive Brief ÔÇö Kristals & Hydropowered Modular AI Data Centers (Canada).docx.md,7533,bd69bd61c268056b21048da6cf48998e28485629a39f6c21972df382ec859927
sources/legacy/source-material/Suppl├®mentaire/Government Proposal Outline ÔÇö Hydropowered Containerized Data Centers & Turbine-Water Cooling (Manicouagan).docx.md,7560,1211a0695940c2b4595bb275eec682610ac784a92cb642472616702e76945fd5
sources/legacy/source-material/Suppl├®mentaire/Green AI Compute & Knowledge Platform ÔÇö Canada Strategy and Model.docx.md,7888,592e0cdd403b89bf002ccee8748a25d49ea8038069d950331407de061a46bc17
sources/legacy/source-material/Suppl├®mentaire/Hydro-Backed Modular AI & Open Knowledge ÔÇö Global Program Brief.docx.md,16560,b6371091e9241d5f3cd60b3837b656832bbdb73401e20160f84d51e6c8a316e7
sources/legacy/source-material/Suppl├®mentaire/Hydro-Powered Container Compute ÔÇö Global Collaboration & Competition Framework.docx.md,8018,8a4e0a4a853e6e06f3bbc209d152d61b059a810b8c55314e01257d9fa401f774
sources/legacy/source-material/Suppl├®mentaire/Modular AI Farms at Hydropower Sites ÔÇö Feasibility & Cooling System Design.docx.md,13747,f53eeacda2a253f22953cfbae6c6402281e871672e02c7f8cf3c73fa7797e819
"sources/legacy/source-material/Suppl├®mentaire/Northern Hydropower for Compute ÔÇö Opportunities, Cooling Advantage & Strategy.docx.md",4961,1c1db49f0d64a29ebb7897cba9eaa9a18b5227920c369e3f319aa0beab7d6186
sources/legacy/source-material/Suppl├®mentaire/Program Blueprint & Section Outline for a Green AI Compute Initiative.docx.md,27468,6a7fbd788603ea9c96f5dbe1d87292852de59f23fbba1680934687288861e301
sources/legacy/source-material/Suppl├®mentaire/Rapport d├®taill├® ÔÇö Infrastructure dÔÇÖIA modulaire et biblioth├¿que de Kristals.docx.md,58313,910c49723159369c09753e82f8f739cc4decaa229c71aa79c32c9f547ee40ee2
sources/legacy/source-material/exports/Kristal_Farms_Partner_Package_Consolidated_AI.txt,396572,79e7610b4f5645108aec1bf74686ade2eade95eb6dd169dec0e279fa1915027a
sources/originals/README.md,440,814a10c3966798f55e5568947cbdd3ec943ca1a825d5ea32be84ce28d9ea5561
sources/originals/new-2026-08-17/analysis/Couts_ligne_transmission_cote_ouest_Quebec.docx,1438535,6a8473a31e4e8bba44a047e63395cddcc3752a834f4c8387c76ae38b0bf92ebb
sources/originals/new-2026-08-17/analysis/Inventaire_preliminaire_des_rivieres_au_nord_de_Chisasibi_La_Grande_1.docx,1507999,b25828fc73b8ad62d9048b1853eda05d4062edb9a7e6560abc51c25d74cd298c
sources/originals/new-2026-08-17/analysis/Kristal_Farms_Economic_Cost_Advantage_and_Savings_Model.docx,1440263,f322aa4d8c4bee2caf95b8b684079d90df70aa5c877dc181b171a322fdc4ffcb
sources/originals/new-2026-08-17/analysis/Kristal_Farms_Gradual_and_Harmonious_Deployment_Plan.docx,1434684,bd2a0a6aa13aec1abf55477e7f5ea5d602e1372699f01449a649eb59df9dc69e
sources/originals/new-2026-08-17/analysis/Kristal_Farms_Northern_Village_Precipitation_Source_Data.docx,1429838,4738ff3d58a97cd1febf70e5d644e0c2308b1f69e6bf64e453ddc00c6c02ee5f
sources/originals/new-2026-08-17/analysis/Kristal_Farms_Plan_de_deploiement_graduel_et_harmonieux.docx,1497317,c67790ce54ddfa19daa58cedc091b430d144c7a8889518f6139ea7581f604d32
sources/originals/new-2026-08-17/analysis/Labrador_Rivers_and_Hydroelectric_Potential_Power_Estimates_and_Current_Status.docx,1433908,c33d59319cfa2c3a4446cc16a020d52302c9fd22e0133feeedc9b7e787ef55db
sources/originals/new-2026-08-17/analysis/Rapport_Repartition_des_couts_d_une_ferme_de_serveurs_au_Canada_incluant_le_refroidissement.docx,1434223,7bea639954d76d8c5a0333fbaa1ff0c0ab14c9cc0ce36f8a7b7b9310786b2dfc
sources/originals/new-2026-08-17/analysis/Rivieres_du_littoral_ouest_du_Nord_quebecois_au_nord_de_La_Grande.docx,1437737,b494d0fe5262e71dbc10b610d5c7cfb840a2a6db70f0c56283c2fff9c89af6e5
sources/owner-direction/2026-08-17-international-learning-direction.md,1775,ae208bcd18839b6f708f02db617971ef0ead2b986c335f9b4d3c38ec11c9f210
sources/owner-direction/2026-08-17-strategic-direction.md,2485,9ef73ad178fb8523dc6b8f8346cd942c919ec0bbb9ed630f096733647b765cef
sources/owner-direction/2026-08-30-app-native-integrated-atlas-direction.md,777,6fc5c36ac488cacdfbbc23da7507f7020af01b45cdc77125055b03643d3143f5
sources/owner-direction/2026-08-30-hydro-resource-atlas-direction.md,1017,0fe949322a33d440efcaac1e28eec7bcd6d8bee53fca2e3dec762789167bf5d9
sources/owner-direction/2026-08-30-pass14-economic-proof-direction.md,583,5d8d836ae42484855ce6b87c387b47806804f2b43d0ed1becf6ce82ea543e7c0
tests/pass10/test_compute_reach_terrain.py,1550,4bd9278e5f1d1328bb93b01b46ad8d6b4710952da2f6da61a909b60a831219f3
