legacy_id,canonical_entity_id,canonical_key,entity_type,mapping_role,source_context
HYDROMET-02WB003,1ad5acab-f39d-5970-bfd9-55131e3e9fd4,natural:river:qc:natashquan,natural_feature,associated_river_reference,hydrology_atlas
HYDROMET-02WB003,c8781e4e-6bdb-5606-9617-5cb71e05e6bc,asset:wsc-station:02wb003,asset,hydrometric_station,hydrology_atlas
HYDROMET-02XA006,a60e91f7-1640-50dd-9f4e-337c9e25ebea,natural:river:qc:petit-mecatina,natural_feature,associated_river_reference,hydrology_atlas
HYDROMET-02XA006,bbd890d3-73ce-560e-87a0-865f90b75995,asset:wsc-station:02xa006,asset,hydrometric_station,hydrology_atlas
HYDROMET-02XB001,3d678c66-4b9a-57b3-8c15-53bd89fd3439,natural:river:qc:saint-augustin,natural_feature,associated_river_reference,hydrology_atlas
HYDROMET-02XB001,2c7f1403-3378-5bf0-b49e-9dd0d67094ac,asset:wsc-station:02xb001,asset,hydrometric_station,hydrology_atlas
HYDROMET-02XC001,46cef33c-e524-5787-8dc3-a0b124e36865,natural:river:qc:saint-paul,natural_feature,associated_river_reference,hydrology_atlas
HYDROMET-02XC001,ea9a772c-3c6e-50fa-bda6-5e3d771df0f4,asset:wsc-station:02xc001,asset,hydrometric_station,hydrology_atlas
HYDROMET-02WC001,324fd842-e1c0-5cd5-bcbe-1ad6e61244b1,natural:river:qc:etamamiou,natural_feature,associated_river_reference,hydrology_atlas
HYDROMET-02WC001,4d9fe3ea-f3a3-5ab0-b8f4-844c6878ebea,asset:wsc-station:02wc001,asset,hydrometric_station,hydrology_atlas
HYDROMET-02WC002,8c39de66-6b4c-51d2-b628-1b6b12172bf4,natural:river:qc:olomane,natural_feature,associated_river_reference,hydrology_atlas
HYDROMET-02WC002,c2515397-3ab5-5530-ba5e-94282a4a9c63,asset:wsc-station:02wc002,asset,hydrometric_station,hydrology_atlas
HYDROMET-02WA002,44da1d1d-0c41-56dc-8dcc-3c33155e42cb,natural:river:qc:aguanus,natural_feature,associated_river_reference,hydrology_atlas
HYDROMET-02WA002,601ca63c-eb29-5aba-b516-6e847f396ea1,asset:wsc-station:02wa002,asset,hydrometric_station,hydrology_atlas
HYDROMET-02WA001,454ba21c-f16c-51a4-b0d7-35ca6d0eb5ff,natural:river:qc:nabisipi,natural_feature,associated_river_reference,hydrology_atlas
HYDROMET-02WA001,19ea269a-e647-59ca-ae11-32fea4844c42,asset:wsc-station:02wa001,asset,hydrometric_station,hydrology_atlas
HYDROMET-02VB003,cedabc62-52aa-544d-8845-690af765f5d8,natural:river:qc:magpie,natural_feature,associated_river_reference,hydrology_atlas
HYDROMET-02VB003,d9668c74-dab6-5f03-9c6e-2b1d2c597ec4,asset:wsc-station:02vb003,asset,hydrometric_station,hydrology_atlas
HYDROMET-02VC002,759d3e76-ed93-5a82-8a53-b52e1f737ef3,natural:river:qc:romaine,natural_feature,associated_river_reference,hydrology_atlas
HYDROMET-02VC002,91822d01-067e-599d-8e69-c48761492af9,asset:wsc-station:02vc002,asset,hydrometric_station,hydrology_atlas
HYDROMET-03FA002,b09345fd-ae35-55bd-9188-bff76087eeb0,natural:river:qc:nastapoka,natural_feature,associated_river_reference,hydrology_atlas
HYDROMET-03FA002,fab18acc-fc67-5f21-935c-4e366cc32ed1,asset:wsc-station:03fa002,asset,hydrometric_station,hydrology_atlas
HYDROMET-03GB001,15613e33-b32e-5705-adaa-25cc0720bc9d,natural:river:qc:innuksuac,natural_feature,associated_river_reference,hydrology_atlas
HYDROMET-03GB001,586ff527-9914-5636-8929-f518b746ddd1,asset:wsc-station:03gb001,asset,hydrometric_station,hydrology_atlas
HYDROMET-03GC001,d9cb4c85-3ee4-55b7-955e-0965323ebfbb,natural:river:qc:kogaluc,natural_feature,associated_river_reference,hydrology_atlas
HYDROMET-03GC001,8733780f-6129-58a6-bb63-b540b05e2e89,asset:wsc-station:03gc001,asset,hydrometric_station,hydrology_atlas
HYDROMET-03HA003,8bc80e2a-61c8-5155-ade4-07c94275ae05,natural:river:qc:arnaud,natural_feature,associated_river_reference,hydrology_atlas
HYDROMET-03HA003,d76b30a7-1649-5a24-a182-29d9344c2fce,asset:wsc-station:03ha003,asset,hydrometric_station,hydrology_atlas
HYDROMET-03JB001,dd7de1f3-ed11-5a59-b91c-abbefbea0cf3,natural:river:qc:leaf,natural_feature,associated_river_reference,hydrology_atlas
HYDROMET-03JB001,98feb142-f058-5b80-b337-1ce309282ab9,asset:wsc-station:03jb001,asset,hydrometric_station,hydrology_atlas
HYDROMET-03KC004,7ef13c93-0a6f-540f-afc1-0cea57498a07,natural:river:qc:aux-melezes,natural_feature,associated_river_reference,hydrology_atlas
HYDROMET-03KC004,36891671-423d-5593-b3de-2272a8e71702,asset:wsc-station:03kc004,asset,hydrometric_station,hydrology_atlas
HYDROMET-03MB002,965013b9-9884-54ac-981f-fd0caa2cff1a,natural:river:qc:great-whale,natural_feature,associated_river_reference,hydrology_atlas
HYDROMET-03MB002,d9573e89-b21c-5743-b1ef-10d8313fe14d,asset:wsc-station:03mb002,asset,hydrometric_station,hydrology_atlas
HYDROMET-03ME002,d6352b82-b00e-5b90-8fc3-b93112c101d5,natural:river:qc-nl:george,natural_feature,associated_river_reference,hydrology_atlas
HYDROMET-03ME002,29c7dbbb-0b1c-594d-b893-95966cd17c65,asset:wsc-station:03me002,asset,hydrometric_station,hydrology_atlas
HYDROMET-03NF001,c6b3034e-210e-5566-b5a2-4955e6adf302,natural:river:nl:ugjoktok,natural_feature,associated_river_reference,hydrology_atlas
HYDROMET-03NF001,ee02edd8-d0d2-5a47-9081-cda9f2235676,asset:wsc-station:03nf001,asset,hydrometric_station,hydrology_atlas
HYDROMET-03NG001,f7b20362-acc7-5606-844f-dc971d13977e,natural:river:nl:kanairiktok,natural_feature,associated_river_reference,hydrology_atlas
HYDROMET-03NG001,add4bf24-ed61-5cdf-b827-038ab1833746,asset:wsc-station:03ng001,asset,hydrometric_station,hydrology_atlas
HYDROMET-03PB002,95b3136f-9a3c-5b76-ad7b-f046e4164e9a,natural:river:nl:naskaupi,natural_feature,associated_river_reference,hydrology_atlas
HYDROMET-03PB002,d3d5217a-88f0-5915-a821-721e67d8d846,asset:wsc-station:03pb002,asset,hydrometric_station,hydrology_atlas
HYDROMET-03OE002,e46c125d-14b6-5fb4-aeb9-deeecafcca0b,natural:river:nl:minipi,natural_feature,associated_river_reference,hydrology_atlas
HYDROMET-03OE002,641e26a5-e91c-5901-8f61-0fc6c0951663,asset:wsc-station:03oe002,asset,hydrometric_station,hydrology_atlas
HYDROMET-03QC001,c8e8cf1c-0c8a-502b-939f-7bceb953ecfa,natural:river:nl:eagle,natural_feature,associated_river_reference,hydrology_atlas
HYDROMET-03QC001,b08eca46-0f99-575c-b842-d4e83fe8cd30,asset:wsc-station:03qc001,asset,hydrometric_station,hydrology_atlas
HYDROMET-03QC002,ac33ba3a-cf18-5cb4-9f1a-46272d8f6f1e,natural:river:nl:alexis,natural_feature,associated_river_reference,hydrology_atlas
HYDROMET-03QC002,ec789c7c-9661-5c7b-96de-7a44ad6535a3,asset:wsc-station:03qc002,asset,hydrometric_station,hydrology_atlas
VIL-NAIN,343f0773-986f-5312-a7f9-6119518f0dcf,place:community:nl:nain,place,community_reference_from_legacy_map,integrated_atlas
VIL-INUKJUAK,664545fc-d0f4-5caa-9278-510a50261908,place:community:qc:inukjuak,place,community_reference_from_legacy_map,integrated_atlas
VIL-KUUJJUARAAPIK,50330e9a-b932-515e-a865-bceb668aadd3,place:community:qc:kuujjuaraapik,place,community_reference_from_legacy_map,integrated_atlas
VIL-UMIUJAQ,62ac2ffe-be96-5a7b-84df-3d82a892f092,place:community:qc:umiujaq,place,community_reference_from_legacy_map,integrated_atlas
VIL-KANGIQSUALUJJUAQ,e00199cc-0e09-5984-a972-200508477085,place:community:qc:kangiqsualujjuaq,place,community_reference_from_legacy_map,integrated_atlas
VIL-TASIUJAQ,97c7593b-446f-5d9a-a8b0-c866aff76414,place:community:qc:tasiujaq,place,community_reference_from_legacy_map,integrated_atlas
VIL-KANGIRSUK,fb68046b-06d8-5282-adc5-58528d35e115,place:community:qc:kangirsuk,place,community_reference_from_legacy_map,integrated_atlas
VIL-KUUJJUAQ,2165eaf4-9f32-54db-9641-3467d2ab2320,place:community:qc:kuujjuaq,place,community_reference_from_legacy_map,integrated_atlas
VIL-AKULIVIK,7dccbf0b-2c5a-5f53-a8c9-52aad813f8d8,place:community:qc:akulivik,place,community_reference_from_legacy_map,integrated_atlas
VIL-AUPALUK,4816dcfd-4135-58ec-80ac-ce904fbd86b6,place:community:qc:aupaluk,place,community_reference_from_legacy_map,integrated_atlas
VIL-IVUJIVIK,34dfc3b5-8230-5f20-915d-9328af9a02c9,place:community:qc:ivujivik,place,community_reference_from_legacy_map,integrated_atlas
VIL-KANGIQSUJUAQ,abe9c29a-f22e-5b33-b53b-15f04e7ae086,place:community:qc:kangiqsujuaq,place,community_reference_from_legacy_map,integrated_atlas
VIL-PUVIRNITUQ,64772c3a-4fd7-517d-9592-d1fd3c6fd84f,place:community:qc:puvirnituq,place,community_reference_from_legacy_map,integrated_atlas
VIL-QUAQTAQ,31124d89-b911-5605-bc5e-94a437c1bfcc,place:community:qc:quaqtaq,place,community_reference_from_legacy_map,integrated_atlas
VIL-SALLUIT,ce8c376c-5457-5ca1-bff5-f75919e66577,place:community:qc:salluit,place,community_reference_from_legacy_map,integrated_atlas
VIL-CHISASIBI,26738a50-a36b-5cc6-bc87-39101cb50114,place:community:qc:chisasibi,place,community_reference_from_legacy_map,integrated_atlas
VIL-HOPEDALE,8b0d13b3-9042-5223-bde6-ef58e0a0e9cd,place:community:nl:hopedale,place,community_reference_from_legacy_map,integrated_atlas
VIL-MAKKOVIK,c27fcd54-d754-5ec8-b69c-f31335a2d034,place:community:nl:makkovik,place,community_reference_from_legacy_map,integrated_atlas
VIL-POSTVILLE,7e44170f-23dc-5a4e-ab16-9e6e9b54a2f8,place:community:nl:postville,place,community_reference_from_legacy_map,integrated_atlas
VIL-RIGOLET,784a7c7f-68ae-5a8f-9fb8-29902b3df56d,place:community:nl:rigolet,place,community_reference_from_legacy_map,integrated_atlas
,e32d796e-ed8c-55a1-b0c2-aaa684b43231,place:community:nl:natuashish,place,integrated_atlas_context,integrated_atlas
,f7f934ce-67d5-5d8d-892a-f29207b31544,place:geographic-context:qc:naniwa-sipi-qikirtajuaq-area,place,integrated_atlas_context,integrated_atlas
,2a6986b3-ec4e-5cae-b7b5-0adafa5b030a,corridor:conceptual:cote-nord,corridor,integrated_atlas_context,integrated_atlas
,d4ed0683-dd0b-5239-84cc-c4955d7718c6,corridor:conceptual:nunavik-hudson,corridor,integrated_atlas_context,integrated_atlas
,ddfc611a-90f1-501c-a661-62eee39e8f89,corridor:conceptual:nunavik-hudson-strait,corridor,integrated_atlas_context,integrated_atlas
,ff5cce79-237b-507d-bd5e-fa4784d16112,corridor:conceptual:nunavik-ungava,corridor,integrated_atlas_context,integrated_atlas
,959c6b89-d70f-5fc9-bee4-8f1f1aefa55a,corridor:conceptual:north-labrador,corridor,integrated_atlas_context,integrated_atlas
,6a353a9b-e772-5042-8d4d-bfef3c5eec9f,corridor:conceptual:central-southeast-labrador,corridor,integrated_atlas_context,integrated_atlas
,2f1385fb-ecc1-5e58-98c8-3e385c7404c6,asset:regional-marine-port-system:qc:nunavik,asset,integrated_atlas_context,integrated_atlas
,45f613fb-fc6a-5a57-bfcb-1de57590b927,corridor:fibre:nunavik:eaufon-1,corridor,integrated_atlas_context,integrated_atlas
,7c791567-4c4f-5d97-8a6a-fd5b0d9376b7,corridor:fibre:nunavik:eaufon-2,corridor,integrated_atlas_context,integrated_atlas
,984c6ece-b0bf-5d86-91fe-f7af052c4e4d,corridor:fibre:nunavik:eaufon-3,corridor,integrated_atlas_context,integrated_atlas
,4e9f5ad3-b8d2-5ba6-9c5d-a52f45ab2c83,corridor:marine:nl:goose-bay-nain-ferry,corridor,integrated_atlas_context,integrated_atlas
,6ab5eacd-2354-596f-8930-6b0ff539724e,project:external:nl:labrador-north-wireless-broadband,project,integrated_atlas_context,integrated_atlas
,b2e45581-46eb-573e-af76-20a589e1abaa,asset:remote-diesel-plant:nl:rigolet,asset,integrated_atlas_context,integrated_atlas
,1d151156-d2c6-5eb7-9f41-22abca5f8cf5,asset:remote-diesel-plant:nl:makkovik,asset,integrated_atlas_context,integrated_atlas
,543101cb-ba79-5b96-aa53-ca59529c4397,asset:remote-diesel-plant:nl:postville,asset,integrated_atlas_context,integrated_atlas
,57e73ec9-ca5b-5b6c-a47f-4209869ca71b,asset:remote-diesel-plant:nl:hopedale,asset,integrated_atlas_context,integrated_atlas
,d1e33c3e-ede7-51a9-8cdf-931f86b43053,asset:remote-diesel-plant:nl:nain,asset,integrated_atlas_context,integrated_atlas
,34ba4649-7c1a-574e-afb3-2941354c26e7,asset:remote-diesel-plant:nl:natuashish,asset,integrated_atlas_context,integrated_atlas
,b48b403c-09fc-5b14-b1cf-47de78ce9329,project:external:qc:innavik,project,integrated_atlas_context,integrated_atlas
,165aa1a2-ca63-5029-9f69-82048b6958c3,asset:hydro-generating-station:qc:lac-robertson,asset,integrated_atlas_context,integrated_atlas
,dbd07e0a-dc99-57ae-b291-da6f01004945,project:external:qc:quaqtaq-wind,project,integrated_atlas_context,integrated_atlas
,4f6a0b62-883c-5a64-8fc6-dca525c7ec42,project:external:qc:puvirnituq-wind,project,integrated_atlas_context,integrated_atlas
,f327609f-3f81-5d21-995c-3afeaa21d25c,project:external:nl:nain-wind-microgrid,project,integrated_atlas_context,electrical_projects_registry
,3ca630af-c955-570e-bc59-0fef87fd052d,project:external:nl:nain-wind-collector,project,integrated_atlas_context,electrical_projects_registry
,6ce71de5-e20d-5fb6-9345-1854dd41f217,project:external:nl:nain-community-solar,project,integrated_atlas_context,electrical_projects_registry
,8cd7e817-174f-5a60-b508-c45324267e52,project:external:nl:hopedale-community-solar,project,integrated_atlas_context,electrical_projects_registry
,9fa6a4bb-168b-5a4a-b9b5-c0d4bd19882f,project:external:nl:postville-community-solar,project,integrated_atlas_context,electrical_projects_registry
,8447fe11-0594-5e6f-ac40-c693d3252e24,project:external:nl:rigolet-community-solar,project,integrated_atlas_context,electrical_projects_registry
,61abb914-9f94-55a3-a3cc-b89aac61340b,project:external:nl:makkovik-arena-solar,project,integrated_atlas_context,electrical_projects_registry
,3129c457-b842-5e85-8f67-797df231e800,project:external:nl:nunatsiavut-solar-expansion-2025,project,integrated_atlas_context,electrical_projects_registry
,bdcc9094-6453-50da-b1c8-6959fe019c7c,project:external:nl:makkovik-arena-solar-expansion-2025,project,integrated_atlas_context,electrical_projects_registry
,8a39f86f-2e05-50ab-a8ee-7190488d59ca,project:external:nl:rigolet-tidal-study,project,integrated_atlas_context,electrical_projects_registry
,0bfd0c83-54e5-51b3-80d1-0a9d931e9b38,project:external:nl:natuashish-community-heat-pumps,project,integrated_atlas_context,electrical_projects_registry
,34d02e2e-be10-5b50-80a7-d4ba340091dc,project:external:nl:labrador-isolated-interconnection-options-study,project,integrated_atlas_context,electrical_projects_registry
,3565160a-369a-56fc-bc32-5bdbb7a6c82e,project:external:nl:marys-harbour-renewables,project,integrated_atlas_context,electrical_projects_registry
,54d80b0d-efc3-511b-a235-0d5fca24be9a,project:external:nl:black-tickle-solar,project,integrated_atlas_context,electrical_projects_registry
,f7e274a6-7357-5fa8-9f60-27f154e03821,project:external:nl:st-lewis-solar,project,integrated_atlas_context,electrical_projects_registry
,131282f4-4da3-5dff-b112-adb9142b830d,project:external:nl:port-hope-simpson-solar,project,integrated_atlas_context,electrical_projects_registry
,9de2a880-fb18-5504-99d9-25a5e7e08608,project:external:nl:cartwright-wind,project,integrated_atlas_context,electrical_projects_registry
,c201e598-c5c1-5b27-a344-e5fa886bfe18,project:external:nl:southern-labrador-regional-interconnection,project,integrated_atlas_context,electrical_projects_registry
,04ddddf8-0893-5da0-95b9-2c69daa6ce80,project:external:nl:nunatukavut-home-energy-heat-pumps-2026,project,integrated_atlas_context,electrical_projects_registry
,84b0885d-0075-5f90-8e68-3b27220ef8ec,corridor:road:nl:road-to-the-north,corridor,integrated_atlas_context,enabling_corridors_registry
