case_key,hv_export_line_km,export_road_km,fibre_km,conventional_export_reference_low_cad,conventional_export_reference_high_cad,fibre_funding_proxy_low_cad,fibre_funding_proxy_high_cad,remaining_unpriced_kristal_budget_conservative_cad,remaining_unpriced_kristal_budget_optimistic_cad
hv25_road10_fibre100,25,10,100,99989863.47,154653162.42,8512231.19,20918249.38,79071614.08,146140931.23
hv25_road10_fibre250,25,10,250,99989863.47,154653162.42,21280577.97,52295623.46,47694240.0,133372584.44
hv25_road10_fibre500,25,10,500,99989863.47,154653162.42,42561155.95,104591246.92,-4601383.46,112092006.47
hv25_road10_fibre933,25,10,933,99989863.47,154653162.42,79419117.0,195167266.76,-95177403.29,75234045.42
hv25_road25_fibre100,25,25,100,138926822.68,204714967.12,8512231.19,20918249.38,118008573.29,196202735.93
hv25_road25_fibre250,25,25,250,138926822.68,204714967.12,21280577.97,52295623.46,86631199.21,183434389.14
hv25_road25_fibre500,25,25,500,138926822.68,204714967.12,42561155.95,104591246.92,34335575.75,162153811.17
hv25_road25_fibre933,25,25,933,138926822.68,204714967.12,79419117.0,195167266.76,-56240444.08,125295850.12
hv25_road50_fibre100,25,50,100,203821754.69,288151308.28,8512231.19,20918249.38,182903505.31,279639077.09
hv25_road50_fibre250,25,50,250,203821754.69,288151308.28,21280577.97,52295623.46,151526131.23,266870730.3
hv25_road50_fibre500,25,50,500,203821754.69,288151308.28,42561155.95,104591246.92,99230507.77,245590152.33
hv25_road50_fibre933,25,50,933,203821754.69,288151308.28,79419117.0,195167266.76,8654487.93,208732191.28
hv25_road100_fibre100,25,100,100,333611618.72,455023990.6,8512231.19,20918249.38,312693369.34,446511759.41
hv25_road100_fibre250,25,100,250,333611618.72,455023990.6,21280577.97,52295623.46,281315995.26,433743412.63
hv25_road100_fibre500,25,100,500,333611618.72,455023990.6,42561155.95,104591246.92,229020371.8,412462834.65
hv25_road100_fibre933,25,100,933,333611618.72,455023990.6,79419117.0,195167266.76,138444351.96,375604873.6
hv50_road10_fibre100,50,10,100,174021754.13,275931788.37,8512231.19,20918249.38,153103504.74,267419557.18
hv50_road10_fibre250,50,10,250,174021754.13,275931788.37,21280577.97,52295623.46,121726130.67,254651210.4
hv50_road10_fibre500,50,10,500,174021754.13,275931788.37,42561155.95,104591246.92,69430507.2,233370632.42
hv50_road10_fibre933,50,10,933,174021754.13,275931788.37,79419117.0,195167266.76,-21145512.63,196512671.37
hv50_road25_fibre100,50,25,100,212958713.34,325993593.07,8512231.19,20918249.38,192040463.95,317481361.88
hv50_road25_fibre250,50,25,250,212958713.34,325993593.07,21280577.97,52295623.46,160663089.87,304713015.1
hv50_road25_fibre500,50,25,500,212958713.34,325993593.07,42561155.95,104591246.92,108367466.41,283432437.12
hv50_road25_fibre933,50,25,933,212958713.34,325993593.07,79419117.0,195167266.76,17791446.58,246574476.07
hv50_road50_fibre100,50,50,100,277853645.35,409429934.23,8512231.19,20918249.38,256935395.97,400917703.04
hv50_road50_fibre250,50,50,250,277853645.35,409429934.23,21280577.97,52295623.46,225558021.89,388149356.26
hv50_road50_fibre500,50,50,500,277853645.35,409429934.23,42561155.95,104591246.92,173262398.43,366868778.28
hv50_road50_fibre933,50,50,933,277853645.35,409429934.23,79419117.0,195167266.76,82686378.59,330010817.23
hv50_road100_fibre100,50,100,100,407643509.38,576302616.56,8512231.19,20918249.38,386725260.0,567790385.37
hv50_road100_fibre250,50,100,250,407643509.38,576302616.56,21280577.97,52295623.46,355347885.92,555022038.58
hv50_road100_fibre500,50,100,500,407643509.38,576302616.56,42561155.95,104591246.92,303052262.46,533741460.61
hv50_road100_fibre933,50,100,933,407643509.38,576302616.56,79419117.0,195167266.76,212476242.62,496883499.56
hv100_road10_fibre100,100,10,100,322085535.45,518489040.28,8512231.19,20918249.38,301167286.06,509976809.09
hv100_road10_fibre250,100,10,250,322085535.45,518489040.28,21280577.97,52295623.46,269789911.99,497208462.31
hv100_road10_fibre500,100,10,500,322085535.45,518489040.28,42561155.95,104591246.92,217494288.53,475927884.33
hv100_road10_fibre933,100,10,933,322085535.45,518489040.28,79419117.0,195167266.76,126918268.69,439069923.28
hv100_road25_fibre100,100,25,100,361022494.66,568550844.98,8512231.19,20918249.38,340104245.27,560038613.79
hv100_road25_fibre250,100,25,250,361022494.66,568550844.98,21280577.97,52295623.46,308726871.2,547270267.0
hv100_road25_fibre500,100,25,500,361022494.66,568550844.98,42561155.95,104591246.92,256431247.73,525989689.03
hv100_road25_fibre933,100,25,933,361022494.66,568550844.98,79419117.0,195167266.76,165855227.9,489131727.98
hv100_road50_fibre100,100,50,100,425917426.67,651987186.14,8512231.19,20918249.38,404999177.29,643474954.95
hv100_road50_fibre250,100,50,250,425917426.67,651987186.14,21280577.97,52295623.46,373621803.21,630706608.17
hv100_road50_fibre500,100,50,500,425917426.67,651987186.14,42561155.95,104591246.92,321326179.75,609426030.19
hv100_road50_fibre933,100,50,933,425917426.67,651987186.14,79419117.0,195167266.76,230750159.91,572568069.14
hv100_road100_fibre100,100,100,100,555707290.7,818859868.46,8512231.19,20918249.38,534789041.32,810347637.27
hv100_road100_fibre250,100,100,250,555707290.7,818859868.46,21280577.97,52295623.46,503411667.24,797579290.49
hv100_road100_fibre500,100,100,500,555707290.7,818859868.46,42561155.95,104591246.92,451116043.78,776298712.52
hv100_road100_fibre933,100,100,933,555707290.7,818859868.46,79419117.0,195167266.76,360540023.94,739440751.46
hv200_road10_fibre100,200,10,100,618213098.09,1003603544.1,8512231.19,20918249.38,597294848.71,995091312.91
hv200_road10_fibre250,200,10,250,618213098.09,1003603544.1,21280577.97,52295623.46,565917474.63,982322966.12
hv200_road10_fibre500,200,10,500,618213098.09,1003603544.1,42561155.95,104591246.92,513621851.17,961042388.15
hv200_road10_fibre933,200,10,933,618213098.09,1003603544.1,79419117.0,195167266.76,423045831.33,924184427.1
hv200_road25_fibre100,200,25,100,657150057.3,1053665348.8,8512231.19,20918249.38,636231807.91,1045153117.61
hv200_road25_fibre250,200,25,250,657150057.3,1053665348.8,21280577.97,52295623.46,604854433.84,1032384770.82
hv200_road25_fibre500,200,25,500,657150057.3,1053665348.8,42561155.95,104591246.92,552558810.38,1011104192.85
hv200_road25_fibre933,200,25,933,657150057.3,1053665348.8,79419117.0,195167266.76,461982790.54,974246231.8
hv200_road50_fibre100,200,50,100,722044989.31,1137101689.96,8512231.19,20918249.38,701126739.93,1128589458.77
hv200_road50_fibre250,200,50,250,722044989.31,1137101689.96,21280577.97,52295623.46,669749365.85,1115821111.98
hv200_road50_fibre500,200,50,500,722044989.31,1137101689.96,42561155.95,104591246.92,617453742.39,1094540534.01
hv200_road50_fibre933,200,50,933,722044989.31,1137101689.96,79419117.0,195167266.76,526877722.56,1057682572.96
hv200_road100_fibre100,200,100,100,851834853.34,1303974372.28,8512231.19,20918249.38,830916603.96,1295462141.09
hv200_road100_fibre250,200,100,250,851834853.34,1303974372.28,21280577.97,52295623.46,799539229.88,1282693794.31
hv200_road100_fibre500,200,100,500,851834853.34,1303974372.28,42561155.95,104591246.92,747243606.42,1261413216.33
hv200_road100_fibre933,200,100,933,851834853.34,1303974372.28,79419117.0,195167266.76,656667586.59,1224555255.28
