Entry_ID,Point_Role,Point_Mappable,Feature_ID,Map_Name,Latitude,Longitude,Label,Description,River_or_watercourse,Hydro_site_or_reference,Capacity_or_potential,Current_status,Dam_or_site_lat,Dam_or_site_lon,Dam_point_used,Dam_point_confidence,Mouth_or_coast_lat,Mouth_or_coast_lon,Mouth_or_coast_point_used,Mouth_point_type,Mouth_confidence,Mapping_note,Source_URLs_or_notes
CHU-01,Dam_or_site,Yes,CHU-01-SITE,Churchill Falls,53.536111,-63.964167,Churchill River — Churchill Falls — site,"Potential/actual hydro site point. Churchill River at Churchill Falls Powerhouse, WSC 03OD005. Status: Operating / harnessed. Capacity/potential: 5,428 MW installed. Note: Existing station point is strong; river coast/outlet point should be checked if exact estuary marker is required.",Churchill River,Churchill Falls,"5,428 MW installed",Operating / harnessed,53.536111,-63.964167,"Churchill River at Churchill Falls Powerhouse, WSC 03OD005",Exact/named site,53.360278,-60.170833,Churchill River mouth / Hamilton Inlet-Lake Melville outlet area,River mouth / coast-system outlet,Approximate / prior CGNDB-style point,Existing station point is strong; river coast/outlet point should be checked if exact estuary marker is required.,Uploaded file: Labrador Rivers and Hydroelectric Potential_ Power Estimates and Current Status.md; https://wateroffice.ec.gc.ca/station_metadata/reference_index_e.html?stnNum=02YK010
CHU-01,Mouth_or_coast,Yes,CHU-01-MOUTH,Churchill River mouth/coast,53.360278,-60.170833,Churchill River — mouth/coast,River mouth/coast/outlet point. Churchill River mouth / Hamilton Inlet-Lake Melville outlet area. Type: River mouth / coast-system outlet. Note: Existing station point is strong; river coast/outlet point should be checked if exact estuary marker is required.,Churchill River,Churchill Falls,"5,428 MW installed",Operating / harnessed,53.536111,-63.964167,"Churchill River at Churchill Falls Powerhouse, WSC 03OD005",Exact/named site,53.360278,-60.170833,Churchill River mouth / Hamilton Inlet-Lake Melville outlet area,River mouth / coast-system outlet,Approximate / prior CGNDB-style point,Existing station point is strong; river coast/outlet point should be checked if exact estuary marker is required.,Uploaded file: Labrador Rivers and Hydroelectric Potential_ Power Estimates and Current Status.md; https://wateroffice.ec.gc.ca/station_metadata/reference_index_e.html?stnNum=02YK010
CHU-02,Dam_or_site,Yes,CHU-02-SITE,Muskrat Falls,53.244167,-60.773333,Churchill River — Muskrat Falls — site,"Potential/actual hydro site point. Churchill River between Upper and Lower Muskrat Falls, WSC 03OE005. Status: Operating / harnessed. Capacity/potential: 824 MW installed. Note: Can switch to foot of Lower Muskrat Falls 53.249167,-60.768889 if preferred.",Churchill River,Muskrat Falls,824 MW installed,Operating / harnessed,53.244167,-60.773333,"Churchill River between Upper and Lower Muskrat Falls, WSC 03OE005",Exact/named site,53.360278,-60.170833,Churchill River mouth / Hamilton Inlet-Lake Melville outlet area,River mouth / coast-system outlet,Approximate / prior CGNDB-style point,"Can switch to foot of Lower Muskrat Falls 53.249167,-60.768889 if preferred.",Uploaded file: Labrador Rivers and Hydroelectric Potential_ Power Estimates and Current Status.md; https://wateroffice.ec.gc.ca/station_metadata/reference_index_e.html?stnNum=02YK010
CHU-02,Mouth_or_coast,Yes,CHU-02-MOUTH,Churchill River mouth/coast,53.360278,-60.170833,Churchill River — mouth/coast,"River mouth/coast/outlet point. Churchill River mouth / Hamilton Inlet-Lake Melville outlet area. Type: River mouth / coast-system outlet. Note: Can switch to foot of Lower Muskrat Falls 53.249167,-60.768889 if preferred.",Churchill River,Muskrat Falls,824 MW installed,Operating / harnessed,53.244167,-60.773333,"Churchill River between Upper and Lower Muskrat Falls, WSC 03OE005",Exact/named site,53.360278,-60.170833,Churchill River mouth / Hamilton Inlet-Lake Melville outlet area,River mouth / coast-system outlet,Approximate / prior CGNDB-style point,"Can switch to foot of Lower Muskrat Falls 53.249167,-60.768889 if preferred.",Uploaded file: Labrador Rivers and Hydroelectric Potential_ Power Estimates and Current Status.md; https://wateroffice.ec.gc.ca/station_metadata/reference_index_e.html?stnNum=02YK010
CHU-03,Dam_or_site,Yes,CHU-03-SITE,Gull Island,52.9725,-61.4375,Churchill River — Gull Island — site,"Potential/actual hydro site point. Churchill River below Gull Island Rapids, WSC 03OE006. Status: Planned / under agreement. Capacity/potential: 2,250 MW planned; 2,264 MW older estimate. Note: WSC point is below Gull Island Rapids; use as the map point for the Gull Island project.",Churchill River,Gull Island,"2,250 MW planned; 2,264 MW older estimate",Planned / under agreement,52.9725,-61.4375,"Churchill River below Gull Island Rapids, WSC 03OE006",Exact/named site / strong proxy,53.360278,-60.170833,Churchill River mouth / Hamilton Inlet-Lake Melville outlet area,River mouth / coast-system outlet,Approximate / prior CGNDB-style point,WSC point is below Gull Island Rapids; use as the map point for the Gull Island project.,Uploaded file: Labrador Rivers and Hydroelectric Potential_ Power Estimates and Current Status.md; https://wateroffice.ec.gc.ca/station_metadata/reference_index_e.html?stnNum=02YK010; https://www.gov.nl.ca/publicat/royalcomm/research/Churchill.pdf
CHU-03,Mouth_or_coast,Yes,CHU-03-MOUTH,Churchill River mouth/coast,53.360278,-60.170833,Churchill River — mouth/coast,River mouth/coast/outlet point. Churchill River mouth / Hamilton Inlet-Lake Melville outlet area. Type: River mouth / coast-system outlet. Note: WSC point is below Gull Island Rapids; use as the map point for the Gull Island project.,Churchill River,Gull Island,"2,250 MW planned; 2,264 MW older estimate",Planned / under agreement,52.9725,-61.4375,"Churchill River below Gull Island Rapids, WSC 03OE006",Exact/named site / strong proxy,53.360278,-60.170833,Churchill River mouth / Hamilton Inlet-Lake Melville outlet area,River mouth / coast-system outlet,Approximate / prior CGNDB-style point,WSC point is below Gull Island Rapids; use as the map point for the Gull Island project.,Uploaded file: Labrador Rivers and Hydroelectric Potential_ Power Estimates and Current Status.md; https://wateroffice.ec.gc.ca/station_metadata/reference_index_e.html?stnNum=02YK010; https://www.gov.nl.ca/publicat/royalcomm/research/Churchill.pdf
CHU-04,Dam_or_site,Yes,CHU-04-SITE,Churchill Falls new powerhouse,53.536111,-63.964167,Churchill River — Churchill Falls new powerhouse — site,"Potential/actual hydro site point. Churchill Falls powerhouse area, WSC 03OD005. Status: Planned / under agreement. Capacity/potential: +1,100 MW planned. Note: Mapped at existing powerhouse until precise new powerhouse siting is public.",Churchill River,Churchill Falls new powerhouse,"+1,100 MW planned",Planned / under agreement,53.536111,-63.964167,"Churchill Falls powerhouse area, WSC 03OD005",Exact/named site / expansion area proxy,53.360278,-60.170833,Churchill River mouth / Hamilton Inlet-Lake Melville outlet area,River mouth / coast-system outlet,Approximate / prior CGNDB-style point,Mapped at existing powerhouse until precise new powerhouse siting is public.,Uploaded file: Labrador Rivers and Hydroelectric Potential_ Power Estimates and Current Status.md; https://wateroffice.ec.gc.ca/station_metadata/reference_index_e.html?stnNum=02YK010
CHU-04,Mouth_or_coast,Yes,CHU-04-MOUTH,Churchill River mouth/coast,53.360278,-60.170833,Churchill River — mouth/coast,River mouth/coast/outlet point. Churchill River mouth / Hamilton Inlet-Lake Melville outlet area. Type: River mouth / coast-system outlet. Note: Mapped at existing powerhouse until precise new powerhouse siting is public.,Churchill River,Churchill Falls new powerhouse,"+1,100 MW planned",Planned / under agreement,53.536111,-63.964167,"Churchill Falls powerhouse area, WSC 03OD005",Exact/named site / expansion area proxy,53.360278,-60.170833,Churchill River mouth / Hamilton Inlet-Lake Melville outlet area,River mouth / coast-system outlet,Approximate / prior CGNDB-style point,Mapped at existing powerhouse until precise new powerhouse siting is public.,Uploaded file: Labrador Rivers and Hydroelectric Potential_ Power Estimates and Current Status.md; https://wateroffice.ec.gc.ca/station_metadata/reference_index_e.html?stnNum=02YK010
CHU-05,Dam_or_site,Yes,CHU-05-SITE,Churchill Falls unit upgrades,53.536111,-63.964167,Churchill River — Churchill Falls unit upgrades — site,"Potential/actual hydro site point. Churchill Falls powerhouse area, WSC 03OD005. Status: Planned / under agreement. Capacity/potential: +550 MW planned. Note: Upgrades mapped at existing Churchill Falls powerhouse.",Churchill River,Churchill Falls unit upgrades,+550 MW planned,Planned / under agreement,53.536111,-63.964167,"Churchill Falls powerhouse area, WSC 03OD005",Exact/named site / upgrade area proxy,53.360278,-60.170833,Churchill River mouth / Hamilton Inlet-Lake Melville outlet area,River mouth / coast-system outlet,Approximate / prior CGNDB-style point,Upgrades mapped at existing Churchill Falls powerhouse.,Uploaded file: Labrador Rivers and Hydroelectric Potential_ Power Estimates and Current Status.md; https://wateroffice.ec.gc.ca/station_metadata/reference_index_e.html?stnNum=02YK010
CHU-05,Mouth_or_coast,Yes,CHU-05-MOUTH,Churchill River mouth/coast,53.360278,-60.170833,Churchill River — mouth/coast,River mouth/coast/outlet point. Churchill River mouth / Hamilton Inlet-Lake Melville outlet area. Type: River mouth / coast-system outlet. Note: Upgrades mapped at existing Churchill Falls powerhouse.,Churchill River,Churchill Falls unit upgrades,+550 MW planned,Planned / under agreement,53.536111,-63.964167,"Churchill Falls powerhouse area, WSC 03OD005",Exact/named site / upgrade area proxy,53.360278,-60.170833,Churchill River mouth / Hamilton Inlet-Lake Melville outlet area,River mouth / coast-system outlet,Approximate / prior CGNDB-style point,Upgrades mapped at existing Churchill Falls powerhouse.,Uploaded file: Labrador Rivers and Hydroelectric Potential_ Power Estimates and Current Status.md; https://wateroffice.ec.gc.ca/station_metadata/reference_index_e.html?stnNum=02YK010
CHU-06,Dam_or_site,Yes,CHU-06-SITE,Historical lower-river potential,52.9725,-61.4375,Churchill River / Lower Churchill — Historical lower-river potential — site,"Potential/actual hydro site point. Gull Island Rapids as representative remaining Lower Churchill point. Status: Partially harnessed. Capacity/potential: 2,400 MW historical potential. Note: Lower Churchill potential is not one dam; Muskrat Falls is operating and Gull Island remains the principal planned point.",Churchill River / Lower Churchill,Historical lower-river potential,"2,400 MW historical potential",Partially harnessed,52.9725,-61.4375,Gull Island Rapids as representative remaining Lower Churchill point,Representative site proxy,53.360278,-60.170833,Churchill River mouth / Hamilton Inlet-Lake Melville outlet area,River mouth / coast-system outlet,Approximate / prior CGNDB-style point,Lower Churchill potential is not one dam; Muskrat Falls is operating and Gull Island remains the principal planned point.,Uploaded file: Labrador Rivers and Hydroelectric Potential_ Power Estimates and Current Status.md; https://wateroffice.ec.gc.ca/station_metadata/reference_index_e.html?stnNum=02YK010; https://www.gov.nl.ca/publicat/royalcomm/research/Churchill.pdf
CHU-06,Mouth_or_coast,Yes,CHU-06-MOUTH,Churchill River / Lower Churchill mouth/coast,53.360278,-60.170833,Churchill River / Lower Churchill — mouth/coast,River mouth/coast/outlet point. Churchill River mouth / Hamilton Inlet-Lake Melville outlet area. Type: River mouth / coast-system outlet. Note: Lower Churchill potential is not one dam; Muskrat Falls is operating and Gull Island remains the principal planned point.,Churchill River / Lower Churchill,Historical lower-river potential,"2,400 MW historical potential",Partially harnessed,52.9725,-61.4375,Gull Island Rapids as representative remaining Lower Churchill point,Representative site proxy,53.360278,-60.170833,Churchill River mouth / Hamilton Inlet-Lake Melville outlet area,River mouth / coast-system outlet,Approximate / prior CGNDB-style point,Lower Churchill potential is not one dam; Muskrat Falls is operating and Gull Island remains the principal planned point.,Uploaded file: Labrador Rivers and Hydroelectric Potential_ Power Estimates and Current Status.md; https://wateroffice.ec.gc.ca/station_metadata/reference_index_e.html?stnNum=02YK010; https://www.gov.nl.ca/publicat/royalcomm/research/Churchill.pdf
UNK-01,Dam_or_site,Yes,UNK-01-SITE,Twin Falls,53.5,-64.535278,Unknown River — Twin Falls — site,"Potential/actual hydro site point. Unknown (Atikonak) River at Twin Falls, WSC 03OD002. Status: Former / retired. Capacity/potential: 225 MW installed historically. Note: Former hydro station; downstream outlet is inland/Churchill system, not ocean coast.",Unknown River,Twin Falls,225 MW installed historically,Former / retired,53.5,-64.535278,"Unknown (Atikonak) River at Twin Falls, WSC 03OD002",Exact/named site,53.521789,-64.172975,Unknown River mouth / confluence toward Churchill system,River mouth to receiving water,Official feature/proxy,"Former hydro station; downstream outlet is inland/Churchill system, not ocean coast.",Uploaded file: Labrador Rivers and Hydroelectric Potential_ Power Estimates and Current Status.md; https://wateroffice.ec.gc.ca/station_metadata/reference_index_e.html?stnNum=02YK010
UNK-01,Mouth_or_coast,Yes,UNK-01-MOUTH,Unknown River mouth/coast,53.521789,-64.172975,Unknown River — mouth/coast,"River mouth/coast/outlet point. Unknown River mouth / confluence toward Churchill system. Type: River mouth to receiving water. Note: Former hydro station; downstream outlet is inland/Churchill system, not ocean coast.",Unknown River,Twin Falls,225 MW installed historically,Former / retired,53.5,-64.535278,"Unknown (Atikonak) River at Twin Falls, WSC 03OD002",Exact/named site,53.521789,-64.172975,Unknown River mouth / confluence toward Churchill system,River mouth to receiving water,Official feature/proxy,"Former hydro station; downstream outlet is inland/Churchill system, not ocean coast.",Uploaded file: Labrador Rivers and Hydroelectric Potential_ Power Estimates and Current Status.md; https://wateroffice.ec.gc.ca/station_metadata/reference_index_e.html?stnNum=02YK010
ASH-01,Dam_or_site,Yes,ASH-01-SITE,Menihek,54.455,-66.625,Ashuanipi River / Menihek Lake system — Menihek — site,"Potential/actual hydro site point. Menihek Lake at Menihek Rapids Generating Station / Ashuanipi River at Menihek Rapids, WSC 03OA002/03OA001. Status: Operating / harnessed. Capacity/potential: 18 MW installed. Note: Menihek is a station/site on the Ashuanipi/Menihek system, not a river name by itself.",Ashuanipi River / Menihek Lake system,Menihek,18 MW installed,Operating / harnessed,54.455,-66.625,"Menihek Lake at Menihek Rapids Generating Station / Ashuanipi River at Menihek Rapids, WSC 03OA002/03OA001",Exact/named site,53.9675,-65.406389,Ashuanipi River outlet/confluence point,River mouth to receiving water,Official feature/proxy,"Menihek is a station/site on the Ashuanipi/Menihek system, not a river name by itself.",Uploaded file: Labrador Rivers and Hydroelectric Potential_ Power Estimates and Current Status.md; https://wateroffice.ec.gc.ca/station_metadata/reference_index_e.html?stnNum=02YK010
ASH-01,Mouth_or_coast,Yes,ASH-01-MOUTH,Ashuanipi River / Menihek Lake system mouth/coast,53.9675,-65.406389,Ashuanipi River / Menihek Lake system — mouth/coast,"River mouth/coast/outlet point. Ashuanipi River outlet/confluence point. Type: River mouth to receiving water. Note: Menihek is a station/site on the Ashuanipi/Menihek system, not a river name by itself.",Ashuanipi River / Menihek Lake system,Menihek,18 MW installed,Operating / harnessed,54.455,-66.625,"Menihek Lake at Menihek Rapids Generating Station / Ashuanipi River at Menihek Rapids, WSC 03OA002/03OA001",Exact/named site,53.9675,-65.406389,Ashuanipi River outlet/confluence point,River mouth to receiving water,Official feature/proxy,"Menihek is a station/site on the Ashuanipi/Menihek system, not a river name by itself.",Uploaded file: Labrador Rivers and Hydroelectric Potential_ Power Estimates and Current Status.md; https://wateroffice.ec.gc.ca/station_metadata/reference_index_e.html?stnNum=02YK010
NAS-01,Dam_or_site,Yes,NAS-01-SITE,Historical / preliminary potential,54.131667,-61.426667,Naskaupi River — Historical / preliminary potential — site,"Potential/actual hydro site point. Naskaupi River below Naskaupi Lake, WSC 03PB002. Status: Partly altered / not separately harnessed. Capacity/potential: 1,933 MW historical; 290 MW preliminary. Note: No exact public dam-site coordinate found; WSC gauge used as a public map proxy.",Naskaupi River,Historical / preliminary potential,"1,933 MW historical; 290 MW preliminary",Partly altered / not separately harnessed,54.131667,-61.426667,"Naskaupi River below Naskaupi Lake, WSC 03PB002",Gauge/site proxy,53.777745,-60.843136,Naskaupi River mouth at northern tip of Grand Lake / Lake Melville system,River mouth to inland water,Official/approximate feature point,No exact public dam-site coordinate found; WSC gauge used as a public map proxy.,Uploaded file: Labrador Rivers and Hydroelectric Potential_ Power Estimates and Current Status.md; https://wateroffice.ec.gc.ca/station_metadata/reference_index_e.html?stnNum=02YK010; https://waves-vagues.dfo-mpo.gc.ca/library-bibliotheque/89967.pdf
NAS-01,Mouth_or_coast,Yes,NAS-01-MOUTH,Naskaupi River mouth/coast,53.777745,-60.843136,Naskaupi River — mouth/coast,River mouth/coast/outlet point. Naskaupi River mouth at northern tip of Grand Lake / Lake Melville system. Type: River mouth to inland water. Note: No exact public dam-site coordinate found; WSC gauge used as a public map proxy.,Naskaupi River,Historical / preliminary potential,"1,933 MW historical; 290 MW preliminary",Partly altered / not separately harnessed,54.131667,-61.426667,"Naskaupi River below Naskaupi Lake, WSC 03PB002",Gauge/site proxy,53.777745,-60.843136,Naskaupi River mouth at northern tip of Grand Lake / Lake Melville system,River mouth to inland water,Official/approximate feature point,No exact public dam-site coordinate found; WSC gauge used as a public map proxy.,Uploaded file: Labrador Rivers and Hydroelectric Potential_ Power Estimates and Current Status.md; https://wateroffice.ec.gc.ca/station_metadata/reference_index_e.html?stnNum=02YK010; https://waves-vagues.dfo-mpo.gc.ca/library-bibliotheque/89967.pdf
EAG-01,Dam_or_site,Yes,EAG-01-SITE,Historical / preliminary potential,53.534167,-57.493611,Eagle River — Historical / preliminary potential — site,"Potential/actual hydro site point. Eagle River above Falls, WSC 03QC001. Status: Unexploited / identified. Capacity/potential: 983 MW historical; 661 MW preliminary. Note: Dam point uses the public WSC station above falls.",Eagle River,Historical / preliminary potential,983 MW historical; 661 MW preliminary,Unexploited / identified,53.534167,-57.493611,"Eagle River above Falls, WSC 03QC001",Gauge/site proxy at named falls,53.571146,-57.452914,Eagle River coast/mouth point,River mouth / coast,Official/approximate feature point,Dam point uses the public WSC station above falls.,Uploaded file: Labrador Rivers and Hydroelectric Potential_ Power Estimates and Current Status.md; https://wateroffice.ec.gc.ca/station_metadata/reference_index_e.html?stnNum=02YK010; https://waves-vagues.dfo-mpo.gc.ca/library-bibliotheque/89967.pdf
EAG-01,Mouth_or_coast,Yes,EAG-01-MOUTH,Eagle River mouth/coast,53.571146,-57.452914,Eagle River — mouth/coast,River mouth/coast/outlet point. Eagle River coast/mouth point. Type: River mouth / coast. Note: Dam point uses the public WSC station above falls.,Eagle River,Historical / preliminary potential,983 MW historical; 661 MW preliminary,Unexploited / identified,53.534167,-57.493611,"Eagle River above Falls, WSC 03QC001",Gauge/site proxy at named falls,53.571146,-57.452914,Eagle River coast/mouth point,River mouth / coast,Official/approximate feature point,Dam point uses the public WSC station above falls.,Uploaded file: Labrador Rivers and Hydroelectric Potential_ Power Estimates and Current Status.md; https://wateroffice.ec.gc.ca/station_metadata/reference_index_e.html?stnNum=02YK010; https://waves-vagues.dfo-mpo.gc.ca/library-bibliotheque/89967.pdf
KAI-01,Dam_or_site,Yes,KAI-01-SITE,Historical / preliminary potential,54.623611,-60.977222,Caiairiktok / Kanairiktok River — Historical / preliminary potential — site,"Potential/actual hydro site point. Kanairiktok River below Snegamook Lake, WSC 03NG001. Status: Unexploited / identified. Capacity/potential: 817 MW historical; 153 MW preliminary. Note: Historical spelling Caiairiktok; do not merge with Kanairuktok without toponymy review.",Caiairiktok / Kanairiktok River,Historical / preliminary potential,817 MW historical; 153 MW preliminary,Unexploited / identified,54.623611,-60.977222,"Kanairiktok River below Snegamook Lake, WSC 03NG001",Gauge/site proxy,55.020859,-60.295061,Kanairiktok River official feature / mouth near Kanairiktok Bay,River mouth / coast,Official NRCan feature point,Historical spelling Caiairiktok; do not merge with Kanairuktok without toponymy review.,Uploaded file: Labrador Rivers and Hydroelectric Potential_ Power Estimates and Current Status.md; https://wateroffice.ec.gc.ca/station_metadata/reference_index_e.html?stnNum=02YK010; https://geonames.nrcan.gc.ca/search-place-names/unique?id=AALHQ; https://waves-vagues.dfo-mpo.gc.ca/library-bibliotheque/89967.pdf
KAI-01,Mouth_or_coast,Yes,KAI-01-MOUTH,Caiairiktok / Kanairiktok River mouth/coast,55.020859,-60.295061,Caiairiktok / Kanairiktok River — mouth/coast,River mouth/coast/outlet point. Kanairiktok River official feature / mouth near Kanairiktok Bay. Type: River mouth / coast. Note: Historical spelling Caiairiktok; do not merge with Kanairuktok without toponymy review.,Caiairiktok / Kanairiktok River,Historical / preliminary potential,817 MW historical; 153 MW preliminary,Unexploited / identified,54.623611,-60.977222,"Kanairiktok River below Snegamook Lake, WSC 03NG001",Gauge/site proxy,55.020859,-60.295061,Kanairiktok River official feature / mouth near Kanairiktok Bay,River mouth / coast,Official NRCan feature point,Historical spelling Caiairiktok; do not merge with Kanairuktok without toponymy review.,Uploaded file: Labrador Rivers and Hydroelectric Potential_ Power Estimates and Current Status.md; https://wateroffice.ec.gc.ca/station_metadata/reference_index_e.html?stnNum=02YK010; https://geonames.nrcan.gc.ca/search-place-names/unique?id=AALHQ; https://waves-vagues.dfo-mpo.gc.ca/library-bibliotheque/89967.pdf
KAK-01,Dam_or_site,No,KAK-01-SITE,Preliminary site,,,Kanairuktok River — Preliminary site — site,Potential/actual hydro site point. Not located in public coordinate sources used. Status: Unexploited / preliminary. Capacity/potential: 394 MW preliminary. Note: The 2002 list treats Kanairuktok separately from Kanairiktok; I did not assign coordinates because I could not verify a distinct public river feature.,Kanairuktok River,Preliminary site,394 MW preliminary,Unexploited / preliminary,,,Not located in public coordinate sources used,Not located,,,Not located separately from Kanairiktok,Unknown,Not located,The 2002 list treats Kanairuktok separately from Kanairiktok; I did not assign coordinates because I could not verify a distinct public river feature.,Uploaded file: Labrador Rivers and Hydroelectric Potential_ Power Estimates and Current Status.md; https://www.gov.nl.ca/publicat/royalcomm/research/Churchill.pdf
KAK-01,Mouth_or_coast,No,KAK-01-MOUTH,Kanairuktok River mouth/coast,,,Kanairuktok River — mouth/coast,River mouth/coast/outlet point. Not located separately from Kanairiktok. Type: Unknown. Note: The 2002 list treats Kanairuktok separately from Kanairiktok; I did not assign coordinates because I could not verify a distinct public river feature.,Kanairuktok River,Preliminary site,394 MW preliminary,Unexploited / preliminary,,,Not located in public coordinate sources used,Not located,,,Not located separately from Kanairiktok,Unknown,Not located,The 2002 list treats Kanairuktok separately from Kanairiktok; I did not assign coordinates because I could not verify a distinct public river feature.,Uploaded file: Labrador Rivers and Hydroelectric Potential_ Power Estimates and Current Status.md; https://www.gov.nl.ca/publicat/royalcomm/research/Churchill.pdf
KEN-01,Dam_or_site,Yes,KEN-01-SITE,Historical potential,53.4822,-59.9086,Kenamu River — Historical potential — site,Potential/actual hydro site point. Kenamu River official/river feature point used as proxy. Status: Unexploited / identified. Capacity/potential: 313 MW historical. Note: No dam-site coordinate found; river feature point used for the potential-site map layer.,Kenamu River,Historical potential,313 MW historical,Unexploited / identified,53.4822,-59.9086,Kenamu River official/river feature point used as proxy,River-point proxy,53.483333,-59.833333,"Kenamu River mouth near Lake Melville, from Rivers of Labrador DMS-style summary",River mouth to inland/coastal water,Approximate from published mouth DMS,No dam-site coordinate found; river feature point used for the potential-site map layer.,Uploaded file: Labrador Rivers and Hydroelectric Potential_ Power Estimates and Current Status.md; https://waves-vagues.dfo-mpo.gc.ca/library-bibliotheque/89967.pdf
KEN-01,Mouth_or_coast,Yes,KEN-01-MOUTH,Kenamu River mouth/coast,53.483333,-59.833333,Kenamu River — mouth/coast,"River mouth/coast/outlet point. Kenamu River mouth near Lake Melville, from Rivers of Labrador DMS-style summary. Type: River mouth to inland/coastal water. Note: No dam-site coordinate found; river feature point used for the potential-site map layer.",Kenamu River,Historical potential,313 MW historical,Unexploited / identified,53.4822,-59.9086,Kenamu River official/river feature point used as proxy,River-point proxy,53.483333,-59.833333,"Kenamu River mouth near Lake Melville, from Rivers of Labrador DMS-style summary",River mouth to inland/coastal water,Approximate from published mouth DMS,No dam-site coordinate found; river feature point used for the potential-site map layer.,Uploaded file: Labrador Rivers and Hydroelectric Potential_ Power Estimates and Current Status.md; https://waves-vagues.dfo-mpo.gc.ca/library-bibliotheque/89967.pdf
PAR-01,Dam_or_site,Yes,PAR-01-SITE,Historical / preliminary potential,53.45,-57.316667,"Paradise River, Labrador — Historical / preliminary potential — site","Potential/actual hydro site point. Paradise River Labrador river/mouth area used as proxy. Status: Unexploited / identified. Capacity/potential: 292 MW historical; 89 MW preliminary. Note: Do not confuse with the operating Paradise River Hydro station on the Burin Peninsula, Newfoundland.","Paradise River, Labrador",Historical / preliminary potential,292 MW historical; 89 MW preliminary,Unexploited / identified,53.45,-57.316667,Paradise River Labrador river/mouth area used as proxy,River-point proxy,53.45,-57.316667,Paradise River mouth / Sandwich Bay-Cartwright area,River mouth / coast,Approximate,"Do not confuse with the operating Paradise River Hydro station on the Burin Peninsula, Newfoundland.",Uploaded file: Labrador Rivers and Hydroelectric Potential_ Power Estimates and Current Status.md; https://waves-vagues.dfo-mpo.gc.ca/library-bibliotheque/89967.pdf
PAR-01,Mouth_or_coast,Yes,PAR-01-MOUTH,"Paradise River, Labrador mouth/coast",53.45,-57.316667,"Paradise River, Labrador — mouth/coast","River mouth/coast/outlet point. Paradise River mouth / Sandwich Bay-Cartwright area. Type: River mouth / coast. Note: Do not confuse with the operating Paradise River Hydro station on the Burin Peninsula, Newfoundland.","Paradise River, Labrador",Historical / preliminary potential,292 MW historical; 89 MW preliminary,Unexploited / identified,53.45,-57.316667,Paradise River Labrador river/mouth area used as proxy,River-point proxy,53.45,-57.316667,Paradise River mouth / Sandwich Bay-Cartwright area,River mouth / coast,Approximate,"Do not confuse with the operating Paradise River Hydro station on the Burin Peninsula, Newfoundland.",Uploaded file: Labrador Rivers and Hydroelectric Potential_ Power Estimates and Current Status.md; https://waves-vagues.dfo-mpo.gc.ca/library-bibliotheque/89967.pdf
RED-01,Dam_or_site,Yes,RED-01-SITE,Historical potential,53.9257,-60.994213,Red Wine River — Historical potential — site,Potential/actual hydro site point. Red Wine River official/river feature point used as proxy. Status: Unexploited / identified. Capacity/potential: 255 MW historical. Note: No exact public dam coordinate found; also corrects earlier Red Vine typo to Red Wine.,Red Wine River,Historical potential,255 MW historical,Unexploited / identified,53.9257,-60.994213,Red Wine River official/river feature point used as proxy,River-point proxy,53.9257,-60.994213,Red Wine River mouth/confluence point used as proxy,River mouth to receiving water,Official/approximate feature point,No exact public dam coordinate found; also corrects earlier Red Vine typo to Red Wine.,Uploaded file: Labrador Rivers and Hydroelectric Potential_ Power Estimates and Current Status.md
RED-01,Mouth_or_coast,Yes,RED-01-MOUTH,Red Wine River mouth/coast,53.9257,-60.994213,Red Wine River — mouth/coast,River mouth/coast/outlet point. Red Wine River mouth/confluence point used as proxy. Type: River mouth to receiving water. Note: No exact public dam coordinate found; also corrects earlier Red Vine typo to Red Wine.,Red Wine River,Historical potential,255 MW historical,Unexploited / identified,53.9257,-60.994213,Red Wine River official/river feature point used as proxy,River-point proxy,53.9257,-60.994213,Red Wine River mouth/confluence point used as proxy,River mouth to receiving water,Official/approximate feature point,No exact public dam coordinate found; also corrects earlier Red Vine typo to Red Wine.,Uploaded file: Labrador Rivers and Hydroelectric Potential_ Power Estimates and Current Status.md
GOO-01,Dam_or_site,Yes,GOO-01-SITE,Historical potential,53.397,-61.65,Goose River — Historical potential — site,"Potential/actual hydro site point. Approximate site near Goose Falls/Little Goose Falls reach inferred from falls distances; verify before engineering use. Status: Unexploited / identified. Capacity/potential: 246 MW historical. Note: Rivers of Labrador gives mouth coordinates and notes Goose/Little Goose Falls, but not exact dam coordinates.",Goose River,Historical potential,246 MW historical,Unexploited / identified,53.397,-61.65,Approximate site near Goose Falls/Little Goose Falls reach inferred from falls distances; verify before engineering use,Approximate/manual,53.366667,-60.366667,Goose River mouth at Goose Bay / Lake Melville,River mouth / coast-system water,Published mouth DMS,"Rivers of Labrador gives mouth coordinates and notes Goose/Little Goose Falls, but not exact dam coordinates.",Uploaded file: Labrador Rivers and Hydroelectric Potential_ Power Estimates and Current Status.md; https://waves-vagues.dfo-mpo.gc.ca/library-bibliotheque/89967.pdf
GOO-01,Mouth_or_coast,Yes,GOO-01-MOUTH,Goose River mouth/coast,53.366667,-60.366667,Goose River — mouth/coast,"River mouth/coast/outlet point. Goose River mouth at Goose Bay / Lake Melville. Type: River mouth / coast-system water. Note: Rivers of Labrador gives mouth coordinates and notes Goose/Little Goose Falls, but not exact dam coordinates.",Goose River,Historical potential,246 MW historical,Unexploited / identified,53.397,-61.65,Approximate site near Goose Falls/Little Goose Falls reach inferred from falls distances; verify before engineering use,Approximate/manual,53.366667,-60.366667,Goose River mouth at Goose Bay / Lake Melville,River mouth / coast-system water,Published mouth DMS,"Rivers of Labrador gives mouth coordinates and notes Goose/Little Goose Falls, but not exact dam coordinates.",Uploaded file: Labrador Rivers and Hydroelectric Potential_ Power Estimates and Current Status.md; https://waves-vagues.dfo-mpo.gc.ca/library-bibliotheque/89967.pdf
FIG-01,Dam_or_site,Yes,FIG-01-SITE,Historical / preliminary potential,53.198645,-63.198577,Fig River — Historical / preliminary potential — site,Potential/actual hydro site point. Fig River official feature point used as proxy. Status: Unexploited / identified. Capacity/potential: 233 MW historical; 204 MW preliminary. Note: No exact public dam point found; official river feature point used.,Fig River,Historical / preliminary potential,233 MW historical; 204 MW preliminary,Unexploited / identified,53.198645,-63.198577,Fig River official feature point used as proxy,River-point proxy,53.198645,-63.198577,Fig River mouth/confluence point used as proxy,River mouth to receiving water,Official feature/proxy,No exact public dam point found; official river feature point used.,Uploaded file: Labrador Rivers and Hydroelectric Potential_ Power Estimates and Current Status.md; https://geogratis.gc.ca/services/geoname/en/geonames/AAJGT
FIG-01,Mouth_or_coast,Yes,FIG-01-MOUTH,Fig River mouth/coast,53.198645,-63.198577,Fig River — mouth/coast,River mouth/coast/outlet point. Fig River mouth/confluence point used as proxy. Type: River mouth to receiving water. Note: No exact public dam point found; official river feature point used.,Fig River,Historical / preliminary potential,233 MW historical; 204 MW preliminary,Unexploited / identified,53.198645,-63.198577,Fig River official feature point used as proxy,River-point proxy,53.198645,-63.198577,Fig River mouth/confluence point used as proxy,River mouth to receiving water,Official feature/proxy,No exact public dam point found; official river feature point used.,Uploaded file: Labrador Rivers and Hydroelectric Potential_ Power Estimates and Current Status.md; https://geogratis.gc.ca/services/geoname/en/geonames/AAJGT
BIG-01,Dam_or_site,Yes,BIG-01-SITE,Historical / preliminary potential,54.8,-58.96,Big River — Historical / preliminary potential — site,Potential/actual hydro site point. Approximate lower river/falls reach; Big River falls reported inland from mouth. Status: Unexploited / identified. Capacity/potential: 230 MW historical; 109 MW preliminary. Note: Rivers of Labrador describes falls at kilometres 38.6 and 43.5; exact dam coordinate should be digitized from map/source data.,Big River,Historical / preliminary potential,230 MW historical; 109 MW preliminary,Unexploited / identified,54.8,-58.96,Approximate lower river/falls reach; Big River falls reported inland from mouth,Approximate/manual,54.836389,-58.935278,Big River official feature/mouth point,River mouth / coast,Official NRCan feature point,Rivers of Labrador describes falls at kilometres 38.6 and 43.5; exact dam coordinate should be digitized from map/source data.,Uploaded file: Labrador Rivers and Hydroelectric Potential_ Power Estimates and Current Status.md; https://geonames.nrcan.gc.ca/search-place-names/unique?id=AABRF; https://waves-vagues.dfo-mpo.gc.ca/library-bibliotheque/89967.pdf
BIG-01,Mouth_or_coast,Yes,BIG-01-MOUTH,Big River mouth/coast,54.836389,-58.935278,Big River — mouth/coast,River mouth/coast/outlet point. Big River official feature/mouth point. Type: River mouth / coast. Note: Rivers of Labrador describes falls at kilometres 38.6 and 43.5; exact dam coordinate should be digitized from map/source data.,Big River,Historical / preliminary potential,230 MW historical; 109 MW preliminary,Unexploited / identified,54.8,-58.96,Approximate lower river/falls reach; Big River falls reported inland from mouth,Approximate/manual,54.836389,-58.935278,Big River official feature/mouth point,River mouth / coast,Official NRCan feature point,Rivers of Labrador describes falls at kilometres 38.6 and 43.5; exact dam coordinate should be digitized from map/source data.,Uploaded file: Labrador Rivers and Hydroelectric Potential_ Power Estimates and Current Status.md; https://geonames.nrcan.gc.ca/search-place-names/unique?id=AABRF; https://waves-vagues.dfo-mpo.gc.ca/library-bibliotheque/89967.pdf
MIN-01,Dam_or_site,Yes,MIN-01-SITE,Historical / preliminary potential,52.615833,-61.181667,Minipi River — Historical / preliminary potential — site,"Potential/actual hydro site point. Minipi River near Minipi Lake, WSC 03OE002. Status: Unexploited / identified. Capacity/potential: 216 MW historical; 647 MW preliminary. Note: No exact dam site found; WSC Minipi station used as site proxy.",Minipi River,Historical / preliminary potential,216 MW historical; 647 MW preliminary,Unexploited / identified,52.615833,-61.181667,"Minipi River near Minipi Lake, WSC 03OE002",Gauge/site proxy,52.85829,-61.620908,Minipi River mouth/confluence point used as proxy,River mouth to receiving water,Official/approximate feature point,No exact dam site found; WSC Minipi station used as site proxy.,Uploaded file: Labrador Rivers and Hydroelectric Potential_ Power Estimates and Current Status.md; https://wateroffice.ec.gc.ca/station_metadata/reference_index_e.html?stnNum=02YK010
MIN-01,Mouth_or_coast,Yes,MIN-01-MOUTH,Minipi River mouth/coast,52.85829,-61.620908,Minipi River — mouth/coast,River mouth/coast/outlet point. Minipi River mouth/confluence point used as proxy. Type: River mouth to receiving water. Note: No exact dam site found; WSC Minipi station used as site proxy.,Minipi River,Historical / preliminary potential,216 MW historical; 647 MW preliminary,Unexploited / identified,52.615833,-61.181667,"Minipi River near Minipi Lake, WSC 03OE002",Gauge/site proxy,52.85829,-61.620908,Minipi River mouth/confluence point used as proxy,River mouth to receiving water,Official/approximate feature point,No exact dam site found; WSC Minipi station used as site proxy.,Uploaded file: Labrador Rivers and Hydroelectric Potential_ Power Estimates and Current Status.md; https://wateroffice.ec.gc.ca/station_metadata/reference_index_e.html?stnNum=02YK010
STL-01,Dam_or_site,Yes,STL-01-SITE,Historical / preliminary potential,52.365278,-56.555556,St. Lewis River — Historical / preliminary potential — site,Potential/actual hydro site point. Approximate falls/obstruction location reported for St. Lewis River. Status: Unexploited / identified. Capacity/potential: 200 MW historical; 68 MW preliminary. Note: Historical hydro potential mapped near known falls/obstruction; use Site 8C row for small-hydro candidate.,St. Lewis River,Historical / preliminary potential,200 MW historical; 68 MW preliminary,Unexploited / identified,52.365278,-56.555556,Approximate falls/obstruction location reported for St. Lewis River,Approximate/manual,52.450142,-56.233477,St. Lewis River mouth at St. Lewis Inlet,River mouth / coast,Approximate public feature point,Historical hydro potential mapped near known falls/obstruction; use Site 8C row for small-hydro candidate.,Uploaded file: Labrador Rivers and Hydroelectric Potential_ Power Estimates and Current Status.md; https://waves-vagues.dfo-mpo.gc.ca/library-bibliotheque/89967.pdf
STL-01,Mouth_or_coast,Yes,STL-01-MOUTH,St. Lewis River mouth/coast,52.450142,-56.233477,St. Lewis River — mouth/coast,River mouth/coast/outlet point. St. Lewis River mouth at St. Lewis Inlet. Type: River mouth / coast. Note: Historical hydro potential mapped near known falls/obstruction; use Site 8C row for small-hydro candidate.,St. Lewis River,Historical / preliminary potential,200 MW historical; 68 MW preliminary,Unexploited / identified,52.365278,-56.555556,Approximate falls/obstruction location reported for St. Lewis River,Approximate/manual,52.450142,-56.233477,St. Lewis River mouth at St. Lewis Inlet,River mouth / coast,Approximate public feature point,Historical hydro potential mapped near known falls/obstruction; use Site 8C row for small-hydro candidate.,Uploaded file: Labrador Rivers and Hydroelectric Potential_ Power Estimates and Current Status.md; https://waves-vagues.dfo-mpo.gc.ca/library-bibliotheque/89967.pdf
STL-02,Dam_or_site,Yes,STL-02-SITE,Coastal Labrador Site 8C,52.365278,-56.555556,St. Lewis River — Coastal Labrador Site 8C — site,Potential/actual hydro site point. St. Lewis Site 8C gauge/site proxy; exact WSC coordinate not found in station index page. Status: Small-hydro candidate. Capacity/potential: up to 3 MW modelled small-hydro. Note: Hatch/NL Hydro notes a gauging station was established on the St. Lewis River for Site 8C.,St. Lewis River,Coastal Labrador Site 8C,up to 3 MW modelled small-hydro,Small-hydro candidate,52.365278,-56.555556,St. Lewis Site 8C gauge/site proxy; exact WSC coordinate not found in station index page,Gauge/site proxy / approximate,52.450142,-56.233477,St. Lewis River mouth at St. Lewis Inlet,River mouth / coast,Approximate public feature point,Hatch/NL Hydro notes a gauging station was established on the St. Lewis River for Site 8C.,Uploaded file: Labrador Rivers and Hydroelectric Potential_ Power Estimates and Current Status.md; https://www.gov.nl.ca/em/files/publications-energy-annex-no-2-re-assessment-of-power-and-energy.pdf
STL-02,Mouth_or_coast,Yes,STL-02-MOUTH,St. Lewis River mouth/coast,52.450142,-56.233477,St. Lewis River — mouth/coast,River mouth/coast/outlet point. St. Lewis River mouth at St. Lewis Inlet. Type: River mouth / coast. Note: Hatch/NL Hydro notes a gauging station was established on the St. Lewis River for Site 8C.,St. Lewis River,Coastal Labrador Site 8C,up to 3 MW modelled small-hydro,Small-hydro candidate,52.365278,-56.555556,St. Lewis Site 8C gauge/site proxy; exact WSC coordinate not found in station index page,Gauge/site proxy / approximate,52.450142,-56.233477,St. Lewis River mouth at St. Lewis Inlet,River mouth / coast,Approximate public feature point,Hatch/NL Hydro notes a gauging station was established on the St. Lewis River for Site 8C.,Uploaded file: Labrador Rivers and Hydroelectric Potential_ Power Estimates and Current Status.md; https://www.gov.nl.ca/em/files/publications-energy-annex-no-2-re-assessment-of-power-and-energy.pdf
MET-01,Dam_or_site,Yes,MET-01-SITE,Historical potential,53.423333,-63.233333,Metchin River — Historical potential — site,"Potential/actual hydro site point. Metchin River (East Branch) near Winokapau Lake, WSC 03OD004. Status: Unexploited / identified. Capacity/potential: 180 MW historical. Note: WSC Metchin point is on East Branch; verify against historical dam scheme.",Metchin River,Historical potential,180 MW historical,Unexploited / identified,53.423333,-63.233333,"Metchin River (East Branch) near Winokapau Lake, WSC 03OD004",Gauge/site proxy,53.311389,-63.368611,Metchin River mouth/confluence point,River mouth to receiving water,Official/approximate feature point,WSC Metchin point is on East Branch; verify against historical dam scheme.,Uploaded file: Labrador Rivers and Hydroelectric Potential_ Power Estimates and Current Status.md; https://wateroffice.ec.gc.ca/station_metadata/reference_index_e.html?stnNum=02YK010
MET-01,Mouth_or_coast,Yes,MET-01-MOUTH,Metchin River mouth/coast,53.311389,-63.368611,Metchin River — mouth/coast,River mouth/coast/outlet point. Metchin River mouth/confluence point. Type: River mouth to receiving water. Note: WSC Metchin point is on East Branch; verify against historical dam scheme.,Metchin River,Historical potential,180 MW historical,Unexploited / identified,53.423333,-63.233333,"Metchin River (East Branch) near Winokapau Lake, WSC 03OD004",Gauge/site proxy,53.311389,-63.368611,Metchin River mouth/confluence point,River mouth to receiving water,Official/approximate feature point,WSC Metchin point is on East Branch; verify against historical dam scheme.,Uploaded file: Labrador Rivers and Hydroelectric Potential_ Power Estimates and Current Status.md; https://wateroffice.ec.gc.ca/station_metadata/reference_index_e.html?stnNum=02YK010
NOR-01,Dam_or_site,Yes,NOR-01-SITE,Historical potential,53.875,-57.275,North River — Historical potential — site,"Potential/actual hydro site point. Approximate upper/lower obstruction reach; exact dam point not public. Status: Unexploited / identified. Capacity/potential: 160 MW historical. Note: Rivers of Labrador provides mouth coordinates and obstruction distances, not a dam coordinate.",North River,Historical potential,160 MW historical,Unexploited / identified,53.875,-57.275,Approximate upper/lower obstruction reach; exact dam point not public,Approximate/manual,53.816667,-57.1,North River mouth coordinates from Rivers of Labrador,River mouth / coast,Published mouth DMS,"Rivers of Labrador provides mouth coordinates and obstruction distances, not a dam coordinate.",Uploaded file: Labrador Rivers and Hydroelectric Potential_ Power Estimates and Current Status.md; https://waves-vagues.dfo-mpo.gc.ca/library-bibliotheque/89967.pdf
NOR-01,Mouth_or_coast,Yes,NOR-01-MOUTH,North River mouth/coast,53.816667,-57.1,North River — mouth/coast,"River mouth/coast/outlet point. North River mouth coordinates from Rivers of Labrador. Type: River mouth / coast. Note: Rivers of Labrador provides mouth coordinates and obstruction distances, not a dam coordinate.",North River,Historical potential,160 MW historical,Unexploited / identified,53.875,-57.275,Approximate upper/lower obstruction reach; exact dam point not public,Approximate/manual,53.816667,-57.1,North River mouth coordinates from Rivers of Labrador,River mouth / coast,Published mouth DMS,"Rivers of Labrador provides mouth coordinates and obstruction distances, not a dam coordinate.",Uploaded file: Labrador Rivers and Hydroelectric Potential_ Power Estimates and Current Status.md; https://waves-vagues.dfo-mpo.gc.ca/library-bibliotheque/89967.pdf
CRO-01,Dam_or_site,Yes,CRO-01-SITE,Historical potential,53.8,-60.833333,Crooked River — Historical potential — site,Potential/actual hydro site point. Crooked River river/mouth point used as proxy. Status: Unexploited / identified. Capacity/potential: 153 MW historical. Note: No exact public dam-site coordinate found.,Crooked River,Historical potential,153 MW historical,Unexploited / identified,53.8,-60.833333,Crooked River river/mouth point used as proxy,River-point proxy,53.8,-60.833333,Crooked River mouth / Grand Lake-Lake Melville region,River mouth to inland water,Approximate,No exact public dam-site coordinate found.,Uploaded file: Labrador Rivers and Hydroelectric Potential_ Power Estimates and Current Status.md; https://waves-vagues.dfo-mpo.gc.ca/library-bibliotheque/89967.pdf
CRO-01,Mouth_or_coast,Yes,CRO-01-MOUTH,Crooked River mouth/coast,53.8,-60.833333,Crooked River — mouth/coast,River mouth/coast/outlet point. Crooked River mouth / Grand Lake-Lake Melville region. Type: River mouth to inland water. Note: No exact public dam-site coordinate found.,Crooked River,Historical potential,153 MW historical,Unexploited / identified,53.8,-60.833333,Crooked River river/mouth point used as proxy,River-point proxy,53.8,-60.833333,Crooked River mouth / Grand Lake-Lake Melville region,River mouth to inland water,Approximate,No exact public dam-site coordinate found.,Uploaded file: Labrador Rivers and Hydroelectric Potential_ Power Estimates and Current Status.md; https://waves-vagues.dfo-mpo.gc.ca/library-bibliotheque/89967.pdf
ALE-01,Dam_or_site,Yes,ALE-01-SITE,Historical / preliminary potential,52.648611,-56.871111,Alexis River — Historical / preliminary potential — site,"Potential/actual hydro site point. Alexis River near Port Hope Simpson, WSC 03QC002. Status: Unexploited / identified. Capacity/potential: 143 MW historical; 98 MW preliminary. Note: Alexis gauge was also used as hydrological reference for St. Lewis/Gilbert small hydro studies.",Alexis River,Historical / preliminary potential,143 MW historical; 98 MW preliminary,Unexploited / identified,52.648611,-56.871111,"Alexis River near Port Hope Simpson, WSC 03QC002",Gauge/site proxy,52.55,-56.133333,Alexis River coast/mouth point used as proxy,River mouth / coast,Approximate,Alexis gauge was also used as hydrological reference for St. Lewis/Gilbert small hydro studies.,Uploaded file: Labrador Rivers and Hydroelectric Potential_ Power Estimates and Current Status.md; https://wateroffice.ec.gc.ca/station_metadata/reference_index_e.html?stnNum=02YK010; https://www.gov.nl.ca/em/files/publications-energy-annex-no-2-re-assessment-of-power-and-energy.pdf
ALE-01,Mouth_or_coast,Yes,ALE-01-MOUTH,Alexis River mouth/coast,52.55,-56.133333,Alexis River — mouth/coast,River mouth/coast/outlet point. Alexis River coast/mouth point used as proxy. Type: River mouth / coast. Note: Alexis gauge was also used as hydrological reference for St. Lewis/Gilbert small hydro studies.,Alexis River,Historical / preliminary potential,143 MW historical; 98 MW preliminary,Unexploited / identified,52.648611,-56.871111,"Alexis River near Port Hope Simpson, WSC 03QC002",Gauge/site proxy,52.55,-56.133333,Alexis River coast/mouth point used as proxy,River mouth / coast,Approximate,Alexis gauge was also used as hydrological reference for St. Lewis/Gilbert small hydro studies.,Uploaded file: Labrador Rivers and Hydroelectric Potential_ Power Estimates and Current Status.md; https://wateroffice.ec.gc.ca/station_metadata/reference_index_e.html?stnNum=02YK010; https://www.gov.nl.ca/em/files/publications-energy-annex-no-2-re-assessment-of-power-and-energy.pdf
BEA-01,Dam_or_site,Yes,BEA-01-SITE,Historical potential,53.733333,-60.95,Beaver River — Historical potential — site,Potential/actual hydro site point. Beaver River mouth/feature point used as proxy. Status: Unexploited / identified. Capacity/potential: 126 MW historical. Note: No exact public dam-site coordinate found.,Beaver River,Historical potential,126 MW historical,Unexploited / identified,53.733333,-60.95,Beaver River mouth/feature point used as proxy,River-point proxy,53.733333,-60.95,Beaver River mouth / Grand Lake area,River mouth to inland water,Approximate,No exact public dam-site coordinate found.,Uploaded file: Labrador Rivers and Hydroelectric Potential_ Power Estimates and Current Status.md; https://waves-vagues.dfo-mpo.gc.ca/library-bibliotheque/89967.pdf
BEA-01,Mouth_or_coast,Yes,BEA-01-MOUTH,Beaver River mouth/coast,53.733333,-60.95,Beaver River — mouth/coast,River mouth/coast/outlet point. Beaver River mouth / Grand Lake area. Type: River mouth to inland water. Note: No exact public dam-site coordinate found.,Beaver River,Historical potential,126 MW historical,Unexploited / identified,53.733333,-60.95,Beaver River mouth/feature point used as proxy,River-point proxy,53.733333,-60.95,Beaver River mouth / Grand Lake area,River mouth to inland water,Approximate,No exact public dam-site coordinate found.,Uploaded file: Labrador Rivers and Hydroelectric Potential_ Power Estimates and Current Status.md; https://waves-vagues.dfo-mpo.gc.ca/library-bibliotheque/89967.pdf
PIN-01,Dam_or_site,Yes,PIN-01-SITE,Historical / preliminary potential,51.635556,-56.6875,Pinware River — Historical / preliminary potential — site,Potential/actual hydro site point. Pinware River official feature/mouth point used as proxy. Status: Unexploited / identified. Capacity/potential: 120 MW historical; 77 MW preliminary. Note: No exact public dam-site coordinate found.,Pinware River,Historical / preliminary potential,120 MW historical; 77 MW preliminary,Unexploited / identified,51.635556,-56.6875,Pinware River official feature/mouth point used as proxy,River-point proxy,51.635556,-56.6875,Pinware River mouth / Strait of Belle Isle,River mouth / coast,Official/approximate feature point,No exact public dam-site coordinate found.,Uploaded file: Labrador Rivers and Hydroelectric Potential_ Power Estimates and Current Status.md; https://waves-vagues.dfo-mpo.gc.ca/library-bibliotheque/89967.pdf
PIN-01,Mouth_or_coast,Yes,PIN-01-MOUTH,Pinware River mouth/coast,51.635556,-56.6875,Pinware River — mouth/coast,River mouth/coast/outlet point. Pinware River mouth / Strait of Belle Isle. Type: River mouth / coast. Note: No exact public dam-site coordinate found.,Pinware River,Historical / preliminary potential,120 MW historical; 77 MW preliminary,Unexploited / identified,51.635556,-56.6875,Pinware River official feature/mouth point used as proxy,River-point proxy,51.635556,-56.6875,Pinware River mouth / Strait of Belle Isle,River mouth / coast,Official/approximate feature point,No exact public dam-site coordinate found.,Uploaded file: Labrador Rivers and Hydroelectric Potential_ Power Estimates and Current Status.md; https://waves-vagues.dfo-mpo.gc.ca/library-bibliotheque/89967.pdf
HAW-01,Dam_or_site,Yes,HAW-01-SITE,Historical potential,53.033333,-56.066667,Hawke River / Hawke Brook — Historical potential — site,Potential/actual hydro site point. Hawke River mouth/feature point used as proxy. Status: Unexploited / identified. Capacity/potential: 45 MW historical. Note: Historical table uses Hawke Brook; no exact dam point found.,Hawke River / Hawke Brook,Historical potential,45 MW historical,Unexploited / identified,53.033333,-56.066667,Hawke River mouth/feature point used as proxy,River-point proxy,53.033333,-56.066667,Hawke River / Hawke Bay coast point,River mouth / coast,Approximate,Historical table uses Hawke Brook; no exact dam point found.,Uploaded file: Labrador Rivers and Hydroelectric Potential_ Power Estimates and Current Status.md; https://waves-vagues.dfo-mpo.gc.ca/library-bibliotheque/89967.pdf
HAW-01,Mouth_or_coast,Yes,HAW-01-MOUTH,Hawke River / Hawke Brook mouth/coast,53.033333,-56.066667,Hawke River / Hawke Brook — mouth/coast,River mouth/coast/outlet point. Hawke River / Hawke Bay coast point. Type: River mouth / coast. Note: Historical table uses Hawke Brook; no exact dam point found.,Hawke River / Hawke Brook,Historical potential,45 MW historical,Unexploited / identified,53.033333,-56.066667,Hawke River mouth/feature point used as proxy,River-point proxy,53.033333,-56.066667,Hawke River / Hawke Bay coast point,River mouth / coast,Approximate,Historical table uses Hawke Brook; no exact dam point found.,Uploaded file: Labrador Rivers and Hydroelectric Potential_ Power Estimates and Current Status.md; https://waves-vagues.dfo-mpo.gc.ca/library-bibliotheque/89967.pdf
LOB-01,Dam_or_site,Yes,LOB-01-SITE,Preliminary site,54.0,-64.992831,Lobstick / Smallwood Reservoir area — Preliminary site — site,"Potential/actual hydro site point. Lobstick Lake / Smallwood Reservoir area used as proxy. Status: Unexploited / preliminary. Capacity/potential: 160 MW preliminary. Note: The source lists Lobstick as a site; verify if mapping as a river, reservoir control structure, or project point.",Lobstick / Smallwood Reservoir area,Preliminary site,160 MW preliminary,Unexploited / preliminary,54.0,-64.992831,Lobstick Lake / Smallwood Reservoir area used as proxy,Approximate/manual,,,No separate river coast/mouth point; treated as reservoir/site,Not applicable / reservoir site,Not applicable,"The source lists Lobstick as a site; verify if mapping as a river, reservoir control structure, or project point.",Uploaded file: Labrador Rivers and Hydroelectric Potential_ Power Estimates and Current Status.md; https://www.gov.nl.ca/publicat/royalcomm/research/Churchill.pdf; https://wateroffice.ec.gc.ca/station_metadata/reference_index_e.html?stnNum=02YK010
LOB-01,Mouth_or_coast,No,LOB-01-MOUTH,Lobstick / Smallwood Reservoir area mouth/coast,,,Lobstick / Smallwood Reservoir area — mouth/coast,"River mouth/coast/outlet point. No separate river coast/mouth point; treated as reservoir/site. Type: Not applicable / reservoir site. Note: The source lists Lobstick as a site; verify if mapping as a river, reservoir control structure, or project point.",Lobstick / Smallwood Reservoir area,Preliminary site,160 MW preliminary,Unexploited / preliminary,54.0,-64.992831,Lobstick Lake / Smallwood Reservoir area used as proxy,Approximate/manual,,,No separate river coast/mouth point; treated as reservoir/site,Not applicable / reservoir site,Not applicable,"The source lists Lobstick as a site; verify if mapping as a river, reservoir control structure, or project point.",Uploaded file: Labrador Rivers and Hydroelectric Potential_ Power Estimates and Current Status.md; https://www.gov.nl.ca/publicat/royalcomm/research/Churchill.pdf; https://wateroffice.ec.gc.ca/station_metadata/reference_index_e.html?stnNum=02YK010
KOG-01,Dam_or_site,Yes,KOG-01-SITE,Preliminary site,56.15,-62.7325,Kogaluk River — Preliminary site — site,Potential/actual hydro site point. Kogaluk River / Cabot Lake outlet region used as site proxy. Status: Unexploited / preliminary. Capacity/potential: 58 MW preliminary. Note: No exact dam-site coordinate found; river/lake outlet proxy used.,Kogaluk River,Preliminary site,58 MW preliminary,Unexploited / preliminary,56.15,-62.7325,Kogaluk River / Cabot Lake outlet region used as site proxy,Gauge/site proxy,56.213878,-61.726055,Kogaluk River mouth at Voisey's Bay / Labrador Sea coast,River mouth / coast,Approximate public feature point,No exact dam-site coordinate found; river/lake outlet proxy used.,Uploaded file: Labrador Rivers and Hydroelectric Potential_ Power Estimates and Current Status.md; https://wateroffice.ec.gc.ca/station_metadata/reference_index_e.html?stnNum=02YK010
KOG-01,Mouth_or_coast,Yes,KOG-01-MOUTH,Kogaluk River mouth/coast,56.213878,-61.726055,Kogaluk River — mouth/coast,River mouth/coast/outlet point. Kogaluk River mouth at Voisey's Bay / Labrador Sea coast. Type: River mouth / coast. Note: No exact dam-site coordinate found; river/lake outlet proxy used.,Kogaluk River,Preliminary site,58 MW preliminary,Unexploited / preliminary,56.15,-62.7325,Kogaluk River / Cabot Lake outlet region used as site proxy,Gauge/site proxy,56.213878,-61.726055,Kogaluk River mouth at Voisey's Bay / Labrador Sea coast,River mouth / coast,Approximate public feature point,No exact dam-site coordinate found; river/lake outlet proxy used.,Uploaded file: Labrador Rivers and Hydroelectric Potential_ Power Estimates and Current Status.md; https://wateroffice.ec.gc.ca/station_metadata/reference_index_e.html?stnNum=02YK010
MIS-01,Dam_or_site,Yes,MIS-01-SITE,Preliminary site,55.944139,-63.098822,Mistastin River / Mistastin system — Preliminary site — site,"Potential/actual hydro site point. Mistastin Lake outlet / Mistastin River below Mistastin Lake, WSC 03NE007 proxy. Status: Unexploited / preliminary. Capacity/potential: 81 MW preliminary. Note: The actual coast outlet is downstream via Kogaluk River; row mouth is the Mistastin River mouth into the receiving system.",Mistastin River / Mistastin system,Preliminary site,81 MW preliminary,Unexploited / preliminary,55.944139,-63.098822,"Mistastin Lake outlet / Mistastin River below Mistastin Lake, WSC 03NE007 proxy",Gauge/site proxy,56.147315,-62.725327,Mistastin River mouth into Head Brook / Kogaluk system,River mouth to receiving water,Approximate public feature point,The actual coast outlet is downstream via Kogaluk River; row mouth is the Mistastin River mouth into the receiving system.,Uploaded file: Labrador Rivers and Hydroelectric Potential_ Power Estimates and Current Status.md; https://wateroffice.ec.gc.ca/station_metadata/reference_index_e.html?stnNum=02YK010
MIS-01,Mouth_or_coast,Yes,MIS-01-MOUTH,Mistastin River / Mistastin system mouth/coast,56.147315,-62.725327,Mistastin River / Mistastin system — mouth/coast,River mouth/coast/outlet point. Mistastin River mouth into Head Brook / Kogaluk system. Type: River mouth to receiving water. Note: The actual coast outlet is downstream via Kogaluk River; row mouth is the Mistastin River mouth into the receiving system.,Mistastin River / Mistastin system,Preliminary site,81 MW preliminary,Unexploited / preliminary,55.944139,-63.098822,"Mistastin Lake outlet / Mistastin River below Mistastin Lake, WSC 03NE007 proxy",Gauge/site proxy,56.147315,-62.725327,Mistastin River mouth into Head Brook / Kogaluk system,River mouth to receiving water,Approximate public feature point,The actual coast outlet is downstream via Kogaluk River; row mouth is the Mistastin River mouth into the receiving system.,Uploaded file: Labrador Rivers and Hydroelectric Potential_ Power Estimates and Current Status.md; https://wateroffice.ec.gc.ca/station_metadata/reference_index_e.html?stnNum=02YK010
NOT-L,Dam_or_site,Yes,NOT-L-SITE,Lower site,56.023746,-61.511167,Notakwanon River — Lower site — site,Potential/actual hydro site point. Notakwanon River official/coastal feature used as lower-site proxy. Status: Unexploited / preliminary. Capacity/potential: 84 MW preliminary. Note: No exact public lower-site dam coordinate found.,Notakwanon River,Lower site,84 MW preliminary,Unexploited / preliminary,56.023746,-61.511167,Notakwanon River official/coastal feature used as lower-site proxy,River-point proxy,56.023746,-61.511167,Notakwanon River mouth/coast point,River mouth / coast,Approximate/official feature point,No exact public lower-site dam coordinate found.,Uploaded file: Labrador Rivers and Hydroelectric Potential_ Power Estimates and Current Status.md; https://www.gov.nl.ca/publicat/royalcomm/research/Churchill.pdf
NOT-L,Mouth_or_coast,Yes,NOT-L-MOUTH,Notakwanon River mouth/coast,56.023746,-61.511167,Notakwanon River — mouth/coast,River mouth/coast/outlet point. Notakwanon River mouth/coast point. Type: River mouth / coast. Note: No exact public lower-site dam coordinate found.,Notakwanon River,Lower site,84 MW preliminary,Unexploited / preliminary,56.023746,-61.511167,Notakwanon River official/coastal feature used as lower-site proxy,River-point proxy,56.023746,-61.511167,Notakwanon River mouth/coast point,River mouth / coast,Approximate/official feature point,No exact public lower-site dam coordinate found.,Uploaded file: Labrador Rivers and Hydroelectric Potential_ Power Estimates and Current Status.md; https://www.gov.nl.ca/publicat/royalcomm/research/Churchill.pdf
NOT-U,Dam_or_site,Yes,NOT-U-SITE,Upper site,56.08,-61.85,Notakwanon River — Upper site — site,Potential/actual hydro site point. Approximate upstream Notakwanon River proxy. Status: Unexploited / preliminary. Capacity/potential: 94 MW preliminary. Note: Upper site coordinate is a broad upstream proxy; requires toponymy/GIS verification.,Notakwanon River,Upper site,94 MW preliminary,Unexploited / preliminary,56.08,-61.85,Approximate upstream Notakwanon River proxy,Approximate/manual,56.023746,-61.511167,Notakwanon River mouth/coast point,River mouth / coast,Approximate/official feature point,Upper site coordinate is a broad upstream proxy; requires toponymy/GIS verification.,Uploaded file: Labrador Rivers and Hydroelectric Potential_ Power Estimates and Current Status.md; https://www.gov.nl.ca/publicat/royalcomm/research/Churchill.pdf
NOT-U,Mouth_or_coast,Yes,NOT-U-MOUTH,Notakwanon River mouth/coast,56.023746,-61.511167,Notakwanon River — mouth/coast,River mouth/coast/outlet point. Notakwanon River mouth/coast point. Type: River mouth / coast. Note: Upper site coordinate is a broad upstream proxy; requires toponymy/GIS verification.,Notakwanon River,Upper site,94 MW preliminary,Unexploited / preliminary,56.08,-61.85,Approximate upstream Notakwanon River proxy,Approximate/manual,56.023746,-61.511167,Notakwanon River mouth/coast point,River mouth / coast,Approximate/official feature point,Upper site coordinate is a broad upstream proxy; requires toponymy/GIS verification.,Uploaded file: Labrador Rivers and Hydroelectric Potential_ Power Estimates and Current Status.md; https://www.gov.nl.ca/publicat/royalcomm/research/Churchill.pdf
UGJ-L,Dam_or_site,Yes,UGJ-L-SITE,Lower site,55.176,-60.62,Ugjoktok River / Adlatok River — Lower site — site,"Potential/actual hydro site point. Approximate lower Ugjoktok/Adlatok River obstruction reach near coast. Status: Unexploited / preliminary. Capacity/potential: 94 MW preliminary. Note: Lower site needs digitizing from original project maps; mouth DMS was published as 55°09'N, 60°35'W.",Ugjoktok River / Adlatok River,Lower site,94 MW preliminary,Unexploited / preliminary,55.176,-60.62,Approximate lower Ugjoktok/Adlatok River obstruction reach near coast,Approximate/manual,55.15,-60.583333,Ugjoktok/Adlatok River mouth coordinates from Rivers of Labrador,River mouth / coast,Published mouth DMS,"Lower site needs digitizing from original project maps; mouth DMS was published as 55°09'N, 60°35'W.",Uploaded file: Labrador Rivers and Hydroelectric Potential_ Power Estimates and Current Status.md; https://waves-vagues.dfo-mpo.gc.ca/library-bibliotheque/89967.pdf
UGJ-L,Mouth_or_coast,Yes,UGJ-L-MOUTH,Ugjoktok River / Adlatok River mouth/coast,55.15,-60.583333,Ugjoktok River / Adlatok River — mouth/coast,"River mouth/coast/outlet point. Ugjoktok/Adlatok River mouth coordinates from Rivers of Labrador. Type: River mouth / coast. Note: Lower site needs digitizing from original project maps; mouth DMS was published as 55°09'N, 60°35'W.",Ugjoktok River / Adlatok River,Lower site,94 MW preliminary,Unexploited / preliminary,55.176,-60.62,Approximate lower Ugjoktok/Adlatok River obstruction reach near coast,Approximate/manual,55.15,-60.583333,Ugjoktok/Adlatok River mouth coordinates from Rivers of Labrador,River mouth / coast,Published mouth DMS,"Lower site needs digitizing from original project maps; mouth DMS was published as 55°09'N, 60°35'W.",Uploaded file: Labrador Rivers and Hydroelectric Potential_ Power Estimates and Current Status.md; https://waves-vagues.dfo-mpo.gc.ca/library-bibliotheque/89967.pdf
UGJ-U,Dam_or_site,Yes,UGJ-U-SITE,Upper site,55.233889,-61.301667,Ugjoktok River / Adlatok River — Upper site — site,"Potential/actual hydro site point. Ugjoktok River below Harp Lake, WSC 03NF001. Status: Unexploited / preliminary. Capacity/potential: 43 MW preliminary. Note: Upper site proxy uses public WSC station below Harp Lake.",Ugjoktok River / Adlatok River,Upper site,43 MW preliminary,Unexploited / preliminary,55.233889,-61.301667,"Ugjoktok River below Harp Lake, WSC 03NF001",Gauge/site proxy,55.15,-60.583333,Ugjoktok/Adlatok River mouth coordinates from Rivers of Labrador,River mouth / coast,Published mouth DMS,Upper site proxy uses public WSC station below Harp Lake.,Uploaded file: Labrador Rivers and Hydroelectric Potential_ Power Estimates and Current Status.md; https://wateroffice.ec.gc.ca/station_metadata/reference_index_e.html?stnNum=02YK010; https://waves-vagues.dfo-mpo.gc.ca/library-bibliotheque/89967.pdf
UGJ-U,Mouth_or_coast,Yes,UGJ-U-MOUTH,Ugjoktok River / Adlatok River mouth/coast,55.15,-60.583333,Ugjoktok River / Adlatok River — mouth/coast,River mouth/coast/outlet point. Ugjoktok/Adlatok River mouth coordinates from Rivers of Labrador. Type: River mouth / coast. Note: Upper site proxy uses public WSC station below Harp Lake.,Ugjoktok River / Adlatok River,Upper site,43 MW preliminary,Unexploited / preliminary,55.233889,-61.301667,"Ugjoktok River below Harp Lake, WSC 03NF001",Gauge/site proxy,55.15,-60.583333,Ugjoktok/Adlatok River mouth coordinates from Rivers of Labrador,River mouth / coast,Published mouth DMS,Upper site proxy uses public WSC station below Harp Lake.,Uploaded file: Labrador Rivers and Hydroelectric Potential_ Power Estimates and Current Status.md; https://wateroffice.ec.gc.ca/station_metadata/reference_index_e.html?stnNum=02YK010; https://waves-vagues.dfo-mpo.gc.ca/library-bibliotheque/89967.pdf
KIN-01,Dam_or_site,Yes,KIN-01-SITE,Preliminary site,56.815278,-62.554722,Kingurutik River — Preliminary site — site,Potential/actual hydro site point. Kingurutik River official feature point used as proxy. Status: Unexploited / preliminary. Capacity/potential: 31 MW preliminary. Note: No exact public dam-site coordinate found.,Kingurutik River,Preliminary site,31 MW preliminary,Unexploited / preliminary,56.815278,-62.554722,Kingurutik River official feature point used as proxy,River-point proxy,56.815278,-62.554722,Kingurutik River mouth/coast point used as proxy,River mouth / coast,Approximate/official feature point,No exact public dam-site coordinate found.,Uploaded file: Labrador Rivers and Hydroelectric Potential_ Power Estimates and Current Status.md; https://www.gov.nl.ca/publicat/royalcomm/research/Churchill.pdf
KIN-01,Mouth_or_coast,Yes,KIN-01-MOUTH,Kingurutik River mouth/coast,56.815278,-62.554722,Kingurutik River — mouth/coast,River mouth/coast/outlet point. Kingurutik River mouth/coast point used as proxy. Type: River mouth / coast. Note: No exact public dam-site coordinate found.,Kingurutik River,Preliminary site,31 MW preliminary,Unexploited / preliminary,56.815278,-62.554722,Kingurutik River official feature point used as proxy,River-point proxy,56.815278,-62.554722,Kingurutik River mouth/coast point used as proxy,River mouth / coast,Approximate/official feature point,No exact public dam-site coordinate found.,Uploaded file: Labrador Rivers and Hydroelectric Potential_ Power Estimates and Current Status.md; https://www.gov.nl.ca/publicat/royalcomm/research/Churchill.pdf
HAR-01,Dam_or_site,Yes,HAR-01-SITE,Harp Lake,55.233889,-61.301667,Harp Lake / Ugjoktok system — Harp Lake — site,"Potential/actual hydro site point. Ugjoktok River below Harp Lake, WSC 03NF001. Status: Unexploited / preliminary. Capacity/potential: 51 MW preliminary. Note: Harp Lake is a waterbody/site, not a river; downstream coast point follows the Ugjoktok/Adlatok system.",Harp Lake / Ugjoktok system,Harp Lake,51 MW preliminary,Unexploited / preliminary,55.233889,-61.301667,"Ugjoktok River below Harp Lake, WSC 03NF001",Gauge/site proxy,55.15,-60.583333,Downstream Ugjoktok/Adlatok coast mouth,Downstream river mouth / coast,Published mouth DMS,"Harp Lake is a waterbody/site, not a river; downstream coast point follows the Ugjoktok/Adlatok system.",Uploaded file: Labrador Rivers and Hydroelectric Potential_ Power Estimates and Current Status.md; https://wateroffice.ec.gc.ca/station_metadata/reference_index_e.html?stnNum=02YK010; https://waves-vagues.dfo-mpo.gc.ca/library-bibliotheque/89967.pdf
HAR-01,Mouth_or_coast,Yes,HAR-01-MOUTH,Harp Lake / Ugjoktok system mouth/coast,55.15,-60.583333,Harp Lake / Ugjoktok system — mouth/coast,"River mouth/coast/outlet point. Downstream Ugjoktok/Adlatok coast mouth. Type: Downstream river mouth / coast. Note: Harp Lake is a waterbody/site, not a river; downstream coast point follows the Ugjoktok/Adlatok system.",Harp Lake / Ugjoktok system,Harp Lake,51 MW preliminary,Unexploited / preliminary,55.233889,-61.301667,"Ugjoktok River below Harp Lake, WSC 03NF001",Gauge/site proxy,55.15,-60.583333,Downstream Ugjoktok/Adlatok coast mouth,Downstream river mouth / coast,Published mouth DMS,"Harp Lake is a waterbody/site, not a river; downstream coast point follows the Ugjoktok/Adlatok system.",Uploaded file: Labrador Rivers and Hydroelectric Potential_ Power Estimates and Current Status.md; https://wateroffice.ec.gc.ca/station_metadata/reference_index_e.html?stnNum=02YK010; https://waves-vagues.dfo-mpo.gc.ca/library-bibliotheque/89967.pdf
GIL-01,Dam_or_site,Yes,GIL-01-SITE,Coastal Labrador Site 5B,52.7159,-56.3174,Gilbert River — Coastal Labrador Site 5B — site,Potential/actual hydro site point. Gilbert River Site 5B / gauge near proposed dam site proxy. Status: Small-hydro candidate. Capacity/potential: 2.3 MW modelled small-hydro. Note: Hatch/NL Hydro says the Gilbert gauge was installed near the proposed dam site; coordinate used is a public local station/route proxy requiring field verification.,Gilbert River,Coastal Labrador Site 5B,2.3 MW modelled small-hydro,Small-hydro candidate,52.7159,-56.3174,Gilbert River Site 5B / gauge near proposed dam site proxy,Gauge/site proxy,52.633333,-56.116667,Gilbert River mouth/coast point,River mouth / coast,Approximate public feature point,Hatch/NL Hydro says the Gilbert gauge was installed near the proposed dam site; coordinate used is a public local station/route proxy requiring field verification.,Uploaded file: Labrador Rivers and Hydroelectric Potential_ Power Estimates and Current Status.md; https://www.gov.nl.ca/em/files/publications-energy-annex-no-2-re-assessment-of-power-and-energy.pdf; https://waves-vagues.dfo-mpo.gc.ca/library-bibliotheque/89967.pdf
GIL-01,Mouth_or_coast,Yes,GIL-01-MOUTH,Gilbert River mouth/coast,52.633333,-56.116667,Gilbert River — mouth/coast,River mouth/coast/outlet point. Gilbert River mouth/coast point. Type: River mouth / coast. Note: Hatch/NL Hydro says the Gilbert gauge was installed near the proposed dam site; coordinate used is a public local station/route proxy requiring field verification.,Gilbert River,Coastal Labrador Site 5B,2.3 MW modelled small-hydro,Small-hydro candidate,52.7159,-56.3174,Gilbert River Site 5B / gauge near proposed dam site proxy,Gauge/site proxy,52.633333,-56.116667,Gilbert River mouth/coast point,River mouth / coast,Approximate public feature point,Hatch/NL Hydro says the Gilbert gauge was installed near the proposed dam site; coordinate used is a public local station/route proxy requiring field verification.,Uploaded file: Labrador Rivers and Hydroelectric Potential_ Power Estimates and Current Status.md; https://www.gov.nl.ca/em/files/publications-energy-annex-no-2-re-assessment-of-power-and-energy.pdf; https://waves-vagues.dfo-mpo.gc.ca/library-bibliotheque/89967.pdf
STM-01,Dam_or_site,Yes,STM-01-SITE,Mary’s Harbour small hydro,52.3167,-55.8667,St. Mary’s River — Mary’s Harbour small hydro — site,Potential/actual hydro site point. Mary’s Harbour / St. Mary’s River mini-hydro area approximate. Status: Small hydro; current status needs confirmation. Capacity/potential: ~0.15–0.24 MW depending source/phase. Note: Mary’s Harbour is a place/site; the associated watercourse should be St. Mary’s River.,St. Mary’s River,Mary’s Harbour small hydro,~0.15–0.24 MW depending source/phase,Small hydro; current status needs confirmation,52.3167,-55.8667,Mary’s Harbour / St. Mary’s River mini-hydro area approximate,Approximate/manual,52.3,-55.833333,St. Mary’s River mouth near Mary’s Harbour,River mouth / coast,Published/approximate DMS-style point,Mary’s Harbour is a place/site; the associated watercourse should be St. Mary’s River.,Uploaded file: Labrador Rivers and Hydroelectric Potential_ Power Estimates and Current Status.md; https://waves-vagues.dfo-mpo.gc.ca/library-bibliotheque/89967.pdf
STM-01,Mouth_or_coast,Yes,STM-01-MOUTH,St. Mary’s River mouth/coast,52.3,-55.833333,St. Mary’s River — mouth/coast,River mouth/coast/outlet point. St. Mary’s River mouth near Mary’s Harbour. Type: River mouth / coast. Note: Mary’s Harbour is a place/site; the associated watercourse should be St. Mary’s River.,St. Mary’s River,Mary’s Harbour small hydro,~0.15–0.24 MW depending source/phase,Small hydro; current status needs confirmation,52.3167,-55.8667,Mary’s Harbour / St. Mary’s River mini-hydro area approximate,Approximate/manual,52.3,-55.833333,St. Mary’s River mouth near Mary’s Harbour,River mouth / coast,Published/approximate DMS-style point,Mary’s Harbour is a place/site; the associated watercourse should be St. Mary’s River.,Uploaded file: Labrador Rivers and Hydroelectric Potential_ Power Estimates and Current Status.md; https://waves-vagues.dfo-mpo.gc.ca/library-bibliotheque/89967.pdf
STP-01,Dam_or_site,Yes,STP-01-SITE,Interprovincial identified potential,51.469444,-57.701389,St. Paul River — Interprovincial identified potential — site,Potential/actual hydro site point. St. Paul River official feature/mouth point used as proxy. Status: Interprovincial / identified. Capacity/potential: 149–250 MW potential range. Note: Interprovincial/Côte-Nord context; not confirmed as Labrador-only development.,St. Paul River,Interprovincial identified potential,149–250 MW potential range,Interprovincial / identified,51.469444,-57.701389,St. Paul River official feature/mouth point used as proxy,River-point proxy,51.469444,-57.701389,St. Paul River mouth / Gulf coast,River mouth / coast,Official/approximate feature point,Interprovincial/Côte-Nord context; not confirmed as Labrador-only development.,Uploaded file: Labrador Rivers and Hydroelectric Potential_ Power Estimates and Current Status.md; https://www.gov.nl.ca/publicat/royalcomm/research/Churchill.pdf
STP-01,Mouth_or_coast,Yes,STP-01-MOUTH,St. Paul River mouth/coast,51.469444,-57.701389,St. Paul River — mouth/coast,River mouth/coast/outlet point. St. Paul River mouth / Gulf coast. Type: River mouth / coast. Note: Interprovincial/Côte-Nord context; not confirmed as Labrador-only development.,St. Paul River,Interprovincial identified potential,149–250 MW potential range,Interprovincial / identified,51.469444,-57.701389,St. Paul River official feature/mouth point used as proxy,River-point proxy,51.469444,-57.701389,St. Paul River mouth / Gulf coast,River mouth / coast,Official/approximate feature point,Interprovincial/Côte-Nord context; not confirmed as Labrador-only development.,Uploaded file: Labrador Rivers and Hydroelectric Potential_ Power Estimates and Current Status.md; https://www.gov.nl.ca/publicat/royalcomm/research/Churchill.pdf
STA-01,Dam_or_site,Yes,STA-01-SITE,Interprovincial identified potential,52.0,-59.3786,St. Augustine River — Interprovincial identified potential — site,Potential/actual hydro site point. St. Augustine River official feature point used as proxy. Status: Interprovincial / identified. Capacity/potential: 127–250 MW potential range. Note: Interprovincial/Côte-Nord context; site alternatives depend on diversion/plant locations.,St. Augustine River,Interprovincial identified potential,127–250 MW potential range,Interprovincial / identified,52.0,-59.3786,St. Augustine River official feature point used as proxy,River-point proxy,51.226,-58.654,St. Augustine river/coast mouth approximate,River mouth / coast,Approximate/manual,Interprovincial/Côte-Nord context; site alternatives depend on diversion/plant locations.,Uploaded file: Labrador Rivers and Hydroelectric Potential_ Power Estimates and Current Status.md; https://www.gov.nl.ca/publicat/royalcomm/research/Churchill.pdf
STA-01,Mouth_or_coast,Yes,STA-01-MOUTH,St. Augustine River mouth/coast,51.226,-58.654,St. Augustine River — mouth/coast,River mouth/coast/outlet point. St. Augustine river/coast mouth approximate. Type: River mouth / coast. Note: Interprovincial/Côte-Nord context; site alternatives depend on diversion/plant locations.,St. Augustine River,Interprovincial identified potential,127–250 MW potential range,Interprovincial / identified,52.0,-59.3786,St. Augustine River official feature point used as proxy,River-point proxy,51.226,-58.654,St. Augustine river/coast mouth approximate,River mouth / coast,Approximate/manual,Interprovincial/Côte-Nord context; site alternatives depend on diversion/plant locations.,Uploaded file: Labrador Rivers and Hydroelectric Potential_ Power Estimates and Current Status.md; https://www.gov.nl.ca/publicat/royalcomm/research/Churchill.pdf
LME-01,Dam_or_site,Yes,LME-01-SITE,Interprovincial identified potential,52.229722,-61.316944,Little Mecatina River — Interprovincial identified potential — site,"Potential/actual hydro site point. Little Mecatina above Lac Fourmont, WSC station proxy. Status: Interprovincial / identified. Capacity/potential: 186–1,040 MW potential range. Note: Interprovincial/Côte-Nord context; actual alternative dam locations may vary substantially.",Little Mecatina River,Interprovincial identified potential,"186–1,040 MW potential range",Interprovincial / identified,52.229722,-61.316944,"Little Mecatina above Lac Fourmont, WSC station proxy",Gauge/site proxy,52.017778,-60.286667,Little Mecatina River mouth/coast point,River mouth / coast,Official/approximate feature point,Interprovincial/Côte-Nord context; actual alternative dam locations may vary substantially.,Uploaded file: Labrador Rivers and Hydroelectric Potential_ Power Estimates and Current Status.md; https://wateroffice.ec.gc.ca/station_metadata/reference_index_e.html?stnNum=02YK010; https://www.gov.nl.ca/publicat/royalcomm/research/Churchill.pdf
LME-01,Mouth_or_coast,Yes,LME-01-MOUTH,Little Mecatina River mouth/coast,52.017778,-60.286667,Little Mecatina River — mouth/coast,River mouth/coast/outlet point. Little Mecatina River mouth/coast point. Type: River mouth / coast. Note: Interprovincial/Côte-Nord context; actual alternative dam locations may vary substantially.,Little Mecatina River,Interprovincial identified potential,"186–1,040 MW potential range",Interprovincial / identified,52.229722,-61.316944,"Little Mecatina above Lac Fourmont, WSC station proxy",Gauge/site proxy,52.017778,-60.286667,Little Mecatina River mouth/coast point,River mouth / coast,Official/approximate feature point,Interprovincial/Côte-Nord context; actual alternative dam locations may vary substantially.,Uploaded file: Labrador Rivers and Hydroelectric Potential_ Power Estimates and Current Status.md; https://wateroffice.ec.gc.ca/station_metadata/reference_index_e.html?stnNum=02YK010; https://www.gov.nl.ca/publicat/royalcomm/research/Churchill.pdf
NAT-01,Dam_or_site,Yes,NAT-01-SITE,Interprovincial identified potential,50.118611,-61.807222,Natashquan River — Interprovincial identified potential — site,Potential/actual hydro site point. Natashquan River official feature/mouth point used as proxy. Status: Interprovincial / identified. Capacity/potential: 56–563 MW potential range. Note: Interprovincial/Côte-Nord context; no single dam location implied by the range.,Natashquan River,Interprovincial identified potential,56–563 MW potential range,Interprovincial / identified,50.118611,-61.807222,Natashquan River official feature/mouth point used as proxy,River-point proxy,50.118611,-61.807222,Natashquan River mouth/coast point,River mouth / coast,Official/approximate feature point,Interprovincial/Côte-Nord context; no single dam location implied by the range.,Uploaded file: Labrador Rivers and Hydroelectric Potential_ Power Estimates and Current Status.md; https://www.gov.nl.ca/publicat/royalcomm/research/Churchill.pdf
NAT-01,Mouth_or_coast,Yes,NAT-01-MOUTH,Natashquan River mouth/coast,50.118611,-61.807222,Natashquan River — mouth/coast,River mouth/coast/outlet point. Natashquan River mouth/coast point. Type: River mouth / coast. Note: Interprovincial/Côte-Nord context; no single dam location implied by the range.,Natashquan River,Interprovincial identified potential,56–563 MW potential range,Interprovincial / identified,50.118611,-61.807222,Natashquan River official feature/mouth point used as proxy,River-point proxy,50.118611,-61.807222,Natashquan River mouth/coast point,River mouth / coast,Official/approximate feature point,Interprovincial/Côte-Nord context; no single dam location implied by the range.,Uploaded file: Labrador Rivers and Hydroelectric Potential_ Power Estimates and Current Status.md; https://www.gov.nl.ca/publicat/royalcomm/research/Churchill.pdf
ROM-01,Dam_or_site,Yes,ROM-01-SITE,Interprovincial identified potential,52.096111,-63.706111,Romaine River — Interprovincial identified potential — site,"Potential/actual hydro site point. Romaine River below Lac Lavoie, WSC station proxy. Status: Interprovincial / identified; Québec-side context. Capacity/potential: 1,330 MW potential. Note: Québec-side development context should be checked separately; WSC point is a hydrological proxy, not a specific dam.",Romaine River,Interprovincial identified potential,"1,330 MW potential",Interprovincial / identified; Québec-side context,52.096111,-63.706111,"Romaine River below Lac Lavoie, WSC station proxy",Gauge/site proxy,50.302222,-63.803333,Romaine River mouth/coast point,River mouth / coast,Approximate/official feature point,"Québec-side development context should be checked separately; WSC point is a hydrological proxy, not a specific dam.",Uploaded file: Labrador Rivers and Hydroelectric Potential_ Power Estimates and Current Status.md; https://wateroffice.ec.gc.ca/station_metadata/reference_index_e.html?stnNum=02YK010; https://www.gov.nl.ca/publicat/royalcomm/research/Churchill.pdf
ROM-01,Mouth_or_coast,Yes,ROM-01-MOUTH,Romaine River mouth/coast,50.302222,-63.803333,Romaine River — mouth/coast,"River mouth/coast/outlet point. Romaine River mouth/coast point. Type: River mouth / coast. Note: Québec-side development context should be checked separately; WSC point is a hydrological proxy, not a specific dam.",Romaine River,Interprovincial identified potential,"1,330 MW potential",Interprovincial / identified; Québec-side context,52.096111,-63.706111,"Romaine River below Lac Lavoie, WSC station proxy",Gauge/site proxy,50.302222,-63.803333,Romaine River mouth/coast point,River mouth / coast,Approximate/official feature point,"Québec-side development context should be checked separately; WSC point is a hydrological proxy, not a specific dam.",Uploaded file: Labrador Rivers and Hydroelectric Potential_ Power Estimates and Current Status.md; https://wateroffice.ec.gc.ca/station_metadata/reference_index_e.html?stnNum=02YK010; https://www.gov.nl.ca/publicat/royalcomm/research/Churchill.pdf
