schema_version,record_id,feature_id,display_name,alternate_names,feature_type,river_system,site_name,observation_type,mw_value,mw_min,mw_max,mw_unit,mw_kind,current_status,development_level,status_confidence,is_mappable,map_layer,latitude,longitude,location_hint,google_my_maps_description,source_name,source_year,source_url,source_detail,source_quality,data_confidence,notes,needs_review,status_checked_date
1.0,LAB-HYDRO-001,churchill-river,Churchill River,,river,Churchill River,Churchill Falls,operating_asset,5428,,,MW,installed_capacity,operating_harnessed,operating_asset,high,TRUE,operating_assets,,,"Churchill Falls, Labrador, Newfoundland and Labrador, Canada",Site: Churchill Falls | installed_capacity: 5428 MW | Status: operating_harnessed | Source: Newfoundland and Labrador Hydro generation assets (current) | Notes: River-level feature with an operating hydro site at Churchill Falls.,Newfoundland and Labrador Hydro generation assets,current,https://nlhydro.com/about-us/our-electricity-system/our-generation-assets/,Lists Churchill Falls as a Labrador hydro generation asset.,official/operator,high,River-level feature with an operating hydro site at Churchill Falls.,FALSE,2026-05-02
1.0,LAB-HYDRO-002,churchill-river,Churchill River,,river,Churchill River,Muskrat Falls,operating_asset,824,,,MW,installed_capacity,operating_harnessed,operating_asset,high,TRUE,operating_assets,,,"Muskrat Falls, Labrador, Newfoundland and Labrador, Canada",Site: Muskrat Falls | installed_capacity: 824 MW | Status: operating_harnessed | Source: Newfoundland and Labrador Hydro generation assets (current) | Notes: Lower Churchill operating hydro site.,Newfoundland and Labrador Hydro generation assets,current,https://nlhydro.com/about-us/our-electricity-system/our-generation-assets/,Lists Muskrat Falls as a Labrador hydro generation asset.,official/operator,high,Lower Churchill operating hydro site.,FALSE,2026-05-02
1.0,LAB-HYDRO-003,ashuanipi-menihek-system,Ashuanipi River / Menihek Lake system,,river_system,Ashuanipi River,Menihek,operating_asset,18,,,MW,installed_capacity,operating_harnessed,operating_asset,high,TRUE,operating_assets,,,"Menihek, Labrador, Newfoundland and Labrador, Canada","Site: Menihek | installed_capacity: 18 MW | Status: operating_harnessed | Source: Newfoundland and Labrador Hydro generation assets (current) | Notes: Menihek is a hydro site/lake-system label, not strictly a river name.",Newfoundland and Labrador Hydro generation assets,current,https://nlhydro.com/about-us/our-electricity-system/our-generation-assets/,Lists Menihek as a Labrador hydro generation asset.,official/operator,high,"Menihek is a hydro site/lake-system label, not strictly a river name.",FALSE,2026-05-02
1.0,LAB-HYDRO-004,churchill-river,Churchill River,,river,Churchill River,Gull Island,planned_project,2250,,,MW,planned_capacity,planned_under_agreement,planned_project,high,TRUE,planned_projects,,,"Gull Island, Churchill River, Labrador, Newfoundland and Labrador, Canada",Site: Gull Island | planned_capacity: 2250 MW | Status: planned_under_agreement | Source: Government of Newfoundland and Labrador NL-Quebec MOU release (2024) | Notes: Not operating; subject to definitive agreements and project approvals.,Government of Newfoundland and Labrador NL-Quebec MOU release,2024,https://www.gov.nl.ca/releases/2024/exec/1212n01/,"Official release identifies Gull Island as a planned 2,250 MW development under the NL-Quebec energy partnership.",official/government,high,Not operating; subject to definitive agreements and project approvals.,FALSE,2026-05-02
1.0,LAB-HYDRO-005,churchill-river,Churchill River,,river,Churchill River,Churchill Falls new powerhouse,planned_project,1100,,,MW,planned_added_capacity,planned_under_agreement,planned_project,high,TRUE,planned_projects,,,"Churchill Falls, Labrador, Newfoundland and Labrador, Canada",Site: Churchill Falls new powerhouse | planned_added_capacity: 1100 MW | Status: planned_under_agreement | Source: Government of Newfoundland and Labrador NL-Quebec MOU release (2024) | Notes: Planned additional capacity; not a separate river.,Government of Newfoundland and Labrador NL-Quebec MOU release,2024,https://www.gov.nl.ca/releases/2024/exec/1212n01/,"Official release identifies a new Churchill Falls powerhouse of about 1,100 MW.",official/government,high,Planned additional capacity; not a separate river.,FALSE,2026-05-02
1.0,LAB-HYDRO-006,churchill-river,Churchill River,,river,Churchill River,Churchill Falls unit upgrades,planned_project,550,,,MW,planned_added_capacity,planned_under_agreement,planned_project,high,TRUE,planned_projects,,,"Churchill Falls, Labrador, Newfoundland and Labrador, Canada",Site: Churchill Falls unit upgrades | planned_added_capacity: 550 MW | Status: planned_under_agreement | Source: Government of Newfoundland and Labrador NL-Quebec MOU release (2024) | Notes: Upgrade to an existing operating site.,Government of Newfoundland and Labrador NL-Quebec MOU release,2024,https://www.gov.nl.ca/releases/2024/exec/1212n01/,Official release identifies capacity increases of about 550 MW at Churchill Falls.,official/government,high,Upgrade to an existing operating site.,FALSE,2026-05-02
1.0,LAB-HYDRO-007,unknown-river,Unknown River,,river,Churchill River,Twin Falls,historical_operating_asset,225,,,MW,historical_installed_capacity,former_retired,retired_asset,medium,TRUE,retired_assets,,,"Twin Falls, Unknown River, Labrador, Newfoundland and Labrador, Canada",Site: Twin Falls | historical_installed_capacity: 225 MW | Status: former_retired | Source: Heritage Newfoundland and Labrador: Electrifying Labrador (current/web) | Notes: Former/non-operating hydro plant; include as a historical status feature.,Heritage Newfoundland and Labrador: Electrifying Labrador,current/web,https://www.heritage.nf.ca/articles/economy/electrifying-labrador.php,Describes Twin Falls hydro development in Labrador and its relationship to Churchill Falls development.,public/history,medium,Former/non-operating hydro plant; include as a historical status feature.,FALSE,2026-05-02
1.0,LAB-HYDRO-008,lower-churchill,Lower Churchill / Churchill River,,river,Lower Churchill / Churchill River,Lower Churchill,hydro_potential_observation,2400,,,MW,historical_potential_estimate,partially_harnessed,historical_estimate,medium,TRUE,historical_potential_rivers,,,"Lower Churchill / Churchill River, Labrador, Newfoundland and Labrador, Canada",Site: Lower Churchill | historical_potential_estimate: 2400 MW | Status: partially_harnessed | Source: Millan historical Labrador hydro-potential table (1974) | Notes: Historical lower Churchill potential; Muskrat Falls is operating and Gull Island is planned.,Millan historical Labrador hydro-potential table,1974,https://journals.lib.unb.ca/index.php/GC/article/download/2815/3333,Historical table of potential hydroelectric developments in Labrador.,public/academic_archive,medium,Historical lower Churchill potential; Muskrat Falls is operating and Gull Island is planned.,FALSE,2026-05-02
1.0,LAB-HYDRO-009,naskaupi-river,Naskaupi River,,river,Naskaupi River,Naskaupi,hydro_potential_observation,1933,,,MW,historical_potential_estimate,partially_harnessed,historical_estimate,medium,TRUE,historical_potential_rivers,,,"Naskaupi River, Labrador, Newfoundland and Labrador, Canada",Site: Naskaupi | historical_potential_estimate: 1933 MW | Status: partially_harnessed | Source: Millan historical Labrador hydro-potential table (1974) | Notes: Historical potential; water system was affected by Upper Churchill development/diversions; no separate operating Naskaupi station confirmed.,Millan historical Labrador hydro-potential table,1974,https://journals.lib.unb.ca/index.php/GC/article/download/2815/3333,Historical table of potential hydroelectric developments in Labrador.,public/academic_archive,medium,Historical potential; water system was affected by Upper Churchill development/diversions; no separate operating Naskaupi station confirmed.,FALSE,2026-05-02
1.0,LAB-HYDRO-010,eagle-river,Eagle River,,river,Eagle River,Eagle,hydro_potential_observation,983,,,MW,historical_potential_estimate,unexploited_identified,historical_estimate,medium,TRUE,historical_potential_rivers,,,"Eagle River, Labrador, Newfoundland and Labrador, Canada",Site: Eagle | historical_potential_estimate: 983 MW | Status: unexploited_identified | Source: Millan historical Labrador hydro-potential table (1974) | Notes: Historical potential only; no operating hydro station confirmed.,Millan historical Labrador hydro-potential table,1974,https://journals.lib.unb.ca/index.php/GC/article/download/2815/3333,Historical table of potential hydroelectric developments in Labrador.,public/academic_archive,medium,Historical potential only; no operating hydro station confirmed.,FALSE,2026-05-02
1.0,LAB-HYDRO-011,kanairiktok-river,Caiairiktok / Kanairiktok River,,river,Caiairiktok / Kanairiktok River,Caiairiktok,hydro_potential_observation,817,,,MW,historical_potential_estimate,unexploited_identified,historical_estimate,medium,TRUE,historical_potential_rivers,,,"Caiairiktok / Kanairiktok River, Labrador, Newfoundland and Labrador, Canada",Site: Caiairiktok | historical_potential_estimate: 817 MW | Status: unexploited_identified | Source: Millan historical Labrador hydro-potential table (1974) | Notes: Spelling varies; source table uses Caiairiktok. Needs toponym/GIS verification.,Millan historical Labrador hydro-potential table,1974,https://journals.lib.unb.ca/index.php/GC/article/download/2815/3333,Historical table of potential hydroelectric developments in Labrador.,public/academic_archive,medium,Spelling varies; source table uses Caiairiktok. Needs toponym/GIS verification.,TRUE,2026-05-02
1.0,LAB-HYDRO-012,kenamu-river,Kenamu River,,river,Kenamu River,Kenamu,hydro_potential_observation,313,,,MW,historical_potential_estimate,unexploited_identified,historical_estimate,medium,TRUE,historical_potential_rivers,,,"Kenamu River, Labrador, Newfoundland and Labrador, Canada",Site: Kenamu | historical_potential_estimate: 313 MW | Status: unexploited_identified | Source: Millan historical Labrador hydro-potential table (1974) | Notes: Historical potential only.,Millan historical Labrador hydro-potential table,1974,https://journals.lib.unb.ca/index.php/GC/article/download/2815/3333,Historical table of potential hydroelectric developments in Labrador.,public/academic_archive,medium,Historical potential only.,FALSE,2026-05-02
1.0,LAB-HYDRO-013,paradise-river-labrador,Paradise River,,river,Paradise River,Paradise,hydro_potential_observation,292,,,MW,historical_potential_estimate,unexploited_identified,historical_estimate,medium,TRUE,historical_potential_rivers,,,"Paradise River, Labrador, Newfoundland and Labrador, Canada",Site: Paradise | historical_potential_estimate: 292 MW | Status: unexploited_identified | Source: Millan historical Labrador hydro-potential table (1974) | Notes: Labrador river; do not confuse with NL Hydro Paradise River station in Newfoundland.,Millan historical Labrador hydro-potential table,1974,https://journals.lib.unb.ca/index.php/GC/article/download/2815/3333,Historical table of potential hydroelectric developments in Labrador.,public/academic_archive,medium,Labrador river; do not confuse with NL Hydro Paradise River station in Newfoundland.,TRUE,2026-05-02
1.0,LAB-HYDRO-014,red-wine-river,Red Wine River,,river,Red Wine River,Red Wine,hydro_potential_observation,255,,,MW,historical_potential_estimate,unexploited_identified,historical_estimate,medium,TRUE,historical_potential_rivers,,,"Red Wine River, Labrador, Newfoundland and Labrador, Canada",Site: Red Wine | historical_potential_estimate: 255 MW | Status: unexploited_identified | Source: Millan historical Labrador hydro-potential table (1974) | Notes: Corrected from earlier erroneous Red Vine wording.,Millan historical Labrador hydro-potential table,1974,https://journals.lib.unb.ca/index.php/GC/article/download/2815/3333,Historical table of potential hydroelectric developments in Labrador.,public/academic_archive,medium,Corrected from earlier erroneous Red Vine wording.,FALSE,2026-05-02
1.0,LAB-HYDRO-015,goose-river,Goose River,,river,Goose River,Goose,hydro_potential_observation,246,,,MW,historical_potential_estimate,unexploited_identified,historical_estimate,medium,TRUE,historical_potential_rivers,,,"Goose River, Labrador, Newfoundland and Labrador, Canada",Site: Goose | historical_potential_estimate: 246 MW | Status: unexploited_identified | Source: Millan historical Labrador hydro-potential table (1974) | Notes: Historical potential only.,Millan historical Labrador hydro-potential table,1974,https://journals.lib.unb.ca/index.php/GC/article/download/2815/3333,Historical table of potential hydroelectric developments in Labrador.,public/academic_archive,medium,Historical potential only.,FALSE,2026-05-02
1.0,LAB-HYDRO-016,fig-river,Fig River,,river,Fig River,Fig,hydro_potential_observation,233,,,MW,historical_potential_estimate,unexploited_identified,historical_estimate,medium,TRUE,historical_potential_rivers,,,"Fig River, Labrador, Newfoundland and Labrador, Canada",Site: Fig | historical_potential_estimate: 233 MW | Status: unexploited_identified | Source: Millan historical Labrador hydro-potential table (1974) | Notes: Historical potential only.,Millan historical Labrador hydro-potential table,1974,https://journals.lib.unb.ca/index.php/GC/article/download/2815/3333,Historical table of potential hydroelectric developments in Labrador.,public/academic_archive,medium,Historical potential only.,FALSE,2026-05-02
1.0,LAB-HYDRO-017,big-river,Big River,,river,Big River,Big,hydro_potential_observation,230,,,MW,historical_potential_estimate,unexploited_identified,historical_estimate,medium,TRUE,historical_potential_rivers,,,"Big River, Labrador, Newfoundland and Labrador, Canada",Site: Big | historical_potential_estimate: 230 MW | Status: unexploited_identified | Source: Millan historical Labrador hydro-potential table (1974) | Notes: Historical potential only.,Millan historical Labrador hydro-potential table,1974,https://journals.lib.unb.ca/index.php/GC/article/download/2815/3333,Historical table of potential hydroelectric developments in Labrador.,public/academic_archive,medium,Historical potential only.,FALSE,2026-05-02
1.0,LAB-HYDRO-018,minipi-river,Minipi River,,river,Minipi River,Minipi,hydro_potential_observation,216,,,MW,historical_potential_estimate,unexploited_identified,historical_estimate,medium,TRUE,historical_potential_rivers,,,"Minipi River, Labrador, Newfoundland and Labrador, Canada",Site: Minipi | historical_potential_estimate: 216 MW | Status: unexploited_identified | Source: Millan historical Labrador hydro-potential table (1974) | Notes: Historical potential only.,Millan historical Labrador hydro-potential table,1974,https://journals.lib.unb.ca/index.php/GC/article/download/2815/3333,Historical table of potential hydroelectric developments in Labrador.,public/academic_archive,medium,Historical potential only.,FALSE,2026-05-02
1.0,LAB-HYDRO-019,st-lewis-river,St. Lewis River,,river,St. Lewis River,St. Lewis,hydro_potential_observation,200,,,MW,historical_potential_estimate,unexploited_identified,historical_estimate,medium,TRUE,historical_potential_rivers,,,"St. Lewis River, Labrador, Newfoundland and Labrador, Canada",Site: St. Lewis | historical_potential_estimate: 200 MW | Status: unexploited_identified | Source: Millan historical Labrador hydro-potential table (1974) | Notes: Historical potential; also appears as small-hydro candidate in later coastal studies.,Millan historical Labrador hydro-potential table,1974,https://journals.lib.unb.ca/index.php/GC/article/download/2815/3333,Historical table of potential hydroelectric developments in Labrador.,public/academic_archive,medium,Historical potential; also appears as small-hydro candidate in later coastal studies.,FALSE,2026-05-02
1.0,LAB-HYDRO-020,metchin-river,Metchin River,,river,Metchin River,Metchin,hydro_potential_observation,180,,,MW,historical_potential_estimate,unexploited_identified,historical_estimate,medium,TRUE,historical_potential_rivers,,,"Metchin River, Labrador, Newfoundland and Labrador, Canada",Site: Metchin | historical_potential_estimate: 180 MW | Status: unexploited_identified | Source: Millan historical Labrador hydro-potential table (1974) | Notes: Historical potential only.,Millan historical Labrador hydro-potential table,1974,https://journals.lib.unb.ca/index.php/GC/article/download/2815/3333,Historical table of potential hydroelectric developments in Labrador.,public/academic_archive,medium,Historical potential only.,FALSE,2026-05-02
1.0,LAB-HYDRO-021,north-river,North River,,river,North River,North,hydro_potential_observation,160,,,MW,historical_potential_estimate,unexploited_identified,historical_estimate,medium,TRUE,historical_potential_rivers,,,"North River, Labrador, Newfoundland and Labrador, Canada",Site: North | historical_potential_estimate: 160 MW | Status: unexploited_identified | Source: Millan historical Labrador hydro-potential table (1974) | Notes: Historical potential only; exact toponym/GIS location should be verified.,Millan historical Labrador hydro-potential table,1974,https://journals.lib.unb.ca/index.php/GC/article/download/2815/3333,Historical table of potential hydroelectric developments in Labrador.,public/academic_archive,medium,Historical potential only; exact toponym/GIS location should be verified.,FALSE,2026-05-02
1.0,LAB-HYDRO-022,crooked-river,Crooked River,,river,Crooked River,Crooked,hydro_potential_observation,153,,,MW,historical_potential_estimate,unexploited_identified,historical_estimate,medium,TRUE,historical_potential_rivers,,,"Crooked River, Labrador, Newfoundland and Labrador, Canada",Site: Crooked | historical_potential_estimate: 153 MW | Status: unexploited_identified | Source: Millan historical Labrador hydro-potential table (1974) | Notes: Historical potential only.,Millan historical Labrador hydro-potential table,1974,https://journals.lib.unb.ca/index.php/GC/article/download/2815/3333,Historical table of potential hydroelectric developments in Labrador.,public/academic_archive,medium,Historical potential only.,FALSE,2026-05-02
1.0,LAB-HYDRO-023,alexis-river,Alexis River,,river,Alexis River,Alexis,hydro_potential_observation,143,,,MW,historical_potential_estimate,unexploited_identified,historical_estimate,medium,TRUE,historical_potential_rivers,,,"Alexis River, Labrador, Newfoundland and Labrador, Canada",Site: Alexis | historical_potential_estimate: 143 MW | Status: unexploited_identified | Source: Millan historical Labrador hydro-potential table (1974) | Notes: Historical potential; also relevant to coastal hydro hydrology studies.,Millan historical Labrador hydro-potential table,1974,https://journals.lib.unb.ca/index.php/GC/article/download/2815/3333,Historical table of potential hydroelectric developments in Labrador.,public/academic_archive,medium,Historical potential; also relevant to coastal hydro hydrology studies.,FALSE,2026-05-02
1.0,LAB-HYDRO-024,beaver-river,Beaver River,,river,Beaver River,Beaver,hydro_potential_observation,126,,,MW,historical_potential_estimate,unexploited_identified,historical_estimate,medium,TRUE,historical_potential_rivers,,,"Beaver River, Labrador, Newfoundland and Labrador, Canada",Site: Beaver | historical_potential_estimate: 126 MW | Status: unexploited_identified | Source: Millan historical Labrador hydro-potential table (1974) | Notes: Historical potential only.,Millan historical Labrador hydro-potential table,1974,https://journals.lib.unb.ca/index.php/GC/article/download/2815/3333,Historical table of potential hydroelectric developments in Labrador.,public/academic_archive,medium,Historical potential only.,FALSE,2026-05-02
1.0,LAB-HYDRO-025,pinware-river,Pinware River,,river,Pinware River,Pinware,hydro_potential_observation,120,,,MW,historical_potential_estimate,unexploited_identified,historical_estimate,medium,TRUE,historical_potential_rivers,,,"Pinware River, Labrador, Newfoundland and Labrador, Canada",Site: Pinware | historical_potential_estimate: 120 MW | Status: unexploited_identified | Source: Millan historical Labrador hydro-potential table (1974) | Notes: Historical potential only.,Millan historical Labrador hydro-potential table,1974,https://journals.lib.unb.ca/index.php/GC/article/download/2815/3333,Historical table of potential hydroelectric developments in Labrador.,public/academic_archive,medium,Historical potential only.,FALSE,2026-05-02
1.0,LAB-HYDRO-026,hawke-river,Hawke River / Hawke Brook,,river,Hawke River / Hawke Brook,Hawke Brook,hydro_potential_observation,45,,,MW,historical_potential_estimate,unexploited_identified,historical_estimate,medium,TRUE,historical_potential_rivers,,,"Hawke River / Hawke Brook, Labrador, Newfoundland and Labrador, Canada",Site: Hawke Brook | historical_potential_estimate: 45 MW | Status: unexploited_identified | Source: Millan historical Labrador hydro-potential table (1974) | Notes: Source table uses Hawke Brook; normalize against official toponymy before mapping.,Millan historical Labrador hydro-potential table,1974,https://journals.lib.unb.ca/index.php/GC/article/download/2815/3333,Historical table of potential hydroelectric developments in Labrador.,public/academic_archive,medium,Source table uses Hawke Brook; normalize against official toponymy before mapping.,FALSE,2026-05-02
1.0,LAB-HYDRO-027,churchill-river,Churchill River,,river,Churchill River,Gull Island,preliminary_site_estimate,2264,,,MW,preliminary_potential_estimate,planned_under_agreement,preliminary_site_inventory,medium,TRUE,preliminary_site_inventory,,,"Churchill River, Labrador, Newfoundland and Labrador, Canada","Site: Gull Island | preliminary_potential_estimate: 2264 MW | Status: planned_under_agreement | Source: Royal Commission Churchill River report preliminary Labrador sites (2002) | Notes: Later preliminary estimate; current official planned figure commonly cited as about 2,250 MW.",Royal Commission Churchill River report preliminary Labrador sites,2002,https://www.gov.nl.ca/publicat/royalcomm/research/Churchill.pdf,Preliminary list of additional Labrador hydroelectric sites; source cautions that engineering feasibility varies and capacities may change.,official/government_report,medium,"Later preliminary estimate; current official planned figure commonly cited as about 2,250 MW.",FALSE,2026-05-02
1.0,LAB-HYDRO-028,churchill-river,Churchill River,,river,Churchill River,Muskrat Falls,preliminary_site_estimate,824,,,MW,preliminary_potential_estimate,operating_harnessed,preliminary_site_inventory,medium,TRUE,preliminary_site_inventory,,,"Churchill River, Labrador, Newfoundland and Labrador, Canada",Site: Muskrat Falls | preliminary_potential_estimate: 824 MW | Status: operating_harnessed | Source: Royal Commission Churchill River report preliminary Labrador sites (2002) | Notes: Later preliminary estimate matches current installed capacity.,Royal Commission Churchill River report preliminary Labrador sites,2002,https://www.gov.nl.ca/publicat/royalcomm/research/Churchill.pdf,Preliminary list of additional Labrador hydroelectric sites; source cautions that engineering feasibility varies and capacities may change.,official/government_report,medium,Later preliminary estimate matches current installed capacity.,FALSE,2026-05-02
1.0,LAB-HYDRO-029,lobstick-site,Lobstick,,hydro_site_or_watercourse,Lobstick,Lobstick,preliminary_site_estimate,160,,,MW,preliminary_potential_estimate,preliminary_unexploited,preliminary_site_inventory,medium,TRUE,preliminary_site_inventory,,,"Lobstick, Labrador, Newfoundland and Labrador, Canada",Site: Lobstick | preliminary_potential_estimate: 160 MW | Status: preliminary_unexploited | Source: Royal Commission Churchill River report preliminary Labrador sites (2002) | Notes: Feature should be checked in GIS/toponymy; listed as a preliminary site.,Royal Commission Churchill River report preliminary Labrador sites,2002,https://www.gov.nl.ca/publicat/royalcomm/research/Churchill.pdf,Preliminary list of additional Labrador hydroelectric sites; source cautions that engineering feasibility varies and capacities may change.,official/government_report,medium,Feature should be checked in GIS/toponymy; listed as a preliminary site.,TRUE,2026-05-02
1.0,LAB-HYDRO-030,pinware-river,Pinware River,,river,Pinware River,Pinware,preliminary_site_estimate,77,,,MW,preliminary_potential_estimate,preliminary_unexploited,preliminary_site_inventory,medium,TRUE,preliminary_site_inventory,,,"Pinware River, Labrador, Newfoundland and Labrador, Canada",Site: Pinware | preliminary_potential_estimate: 77 MW | Status: preliminary_unexploited | Source: Royal Commission Churchill River report preliminary Labrador sites (2002) | Notes: Later preliminary estimate differs from historical estimate.,Royal Commission Churchill River report preliminary Labrador sites,2002,https://www.gov.nl.ca/publicat/royalcomm/research/Churchill.pdf,Preliminary list of additional Labrador hydroelectric sites; source cautions that engineering feasibility varies and capacities may change.,official/government_report,medium,Later preliminary estimate differs from historical estimate.,TRUE,2026-05-02
1.0,LAB-HYDRO-031,st-lewis-river,St. Lewis River,,river,St. Lewis River,St. Lewis,preliminary_site_estimate,68,,,MW,preliminary_potential_estimate,preliminary_unexploited,preliminary_site_inventory,medium,TRUE,preliminary_site_inventory,,,"St. Lewis River, Labrador, Newfoundland and Labrador, Canada",Site: St. Lewis | preliminary_potential_estimate: 68 MW | Status: preliminary_unexploited | Source: Royal Commission Churchill River report preliminary Labrador sites (2002) | Notes: Later preliminary estimate differs from historical estimate and small-hydro study.,Royal Commission Churchill River report preliminary Labrador sites,2002,https://www.gov.nl.ca/publicat/royalcomm/research/Churchill.pdf,Preliminary list of additional Labrador hydroelectric sites; source cautions that engineering feasibility varies and capacities may change.,official/government_report,medium,Later preliminary estimate differs from historical estimate and small-hydro study.,TRUE,2026-05-02
1.0,LAB-HYDRO-032,alexis-river,Alexis River,,river,Alexis River,Alexis,preliminary_site_estimate,98,,,MW,preliminary_potential_estimate,preliminary_unexploited,preliminary_site_inventory,medium,TRUE,preliminary_site_inventory,,,"Alexis River, Labrador, Newfoundland and Labrador, Canada",Site: Alexis | preliminary_potential_estimate: 98 MW | Status: preliminary_unexploited | Source: Royal Commission Churchill River report preliminary Labrador sites (2002) | Notes: Later preliminary estimate differs from historical estimate.,Royal Commission Churchill River report preliminary Labrador sites,2002,https://www.gov.nl.ca/publicat/royalcomm/research/Churchill.pdf,Preliminary list of additional Labrador hydroelectric sites; source cautions that engineering feasibility varies and capacities may change.,official/government_report,medium,Later preliminary estimate differs from historical estimate.,TRUE,2026-05-02
1.0,LAB-HYDRO-033,paradise-river-labrador,Paradise River,,river,Paradise River,Paradise,preliminary_site_estimate,89,,,MW,preliminary_potential_estimate,preliminary_unexploited,preliminary_site_inventory,medium,TRUE,preliminary_site_inventory,,,"Paradise River, Labrador, Newfoundland and Labrador, Canada",Site: Paradise | preliminary_potential_estimate: 89 MW | Status: preliminary_unexploited | Source: Royal Commission Churchill River report preliminary Labrador sites (2002) | Notes: Later preliminary estimate differs from historical estimate.,Royal Commission Churchill River report preliminary Labrador sites,2002,https://www.gov.nl.ca/publicat/royalcomm/research/Churchill.pdf,Preliminary list of additional Labrador hydroelectric sites; source cautions that engineering feasibility varies and capacities may change.,official/government_report,medium,Later preliminary estimate differs from historical estimate.,TRUE,2026-05-02
1.0,LAB-HYDRO-034,eagle-river,Eagle River,,river,Eagle River,Eagle,preliminary_site_estimate,661,,,MW,preliminary_potential_estimate,preliminary_unexploited,preliminary_site_inventory,medium,TRUE,preliminary_site_inventory,,,"Eagle River, Labrador, Newfoundland and Labrador, Canada",Site: Eagle | preliminary_potential_estimate: 661 MW | Status: preliminary_unexploited | Source: Royal Commission Churchill River report preliminary Labrador sites (2002) | Notes: Later preliminary estimate differs from historical estimate.,Royal Commission Churchill River report preliminary Labrador sites,2002,https://www.gov.nl.ca/publicat/royalcomm/research/Churchill.pdf,Preliminary list of additional Labrador hydroelectric sites; source cautions that engineering feasibility varies and capacities may change.,official/government_report,medium,Later preliminary estimate differs from historical estimate.,TRUE,2026-05-02
1.0,LAB-HYDRO-035,minipi-river,Minipi River,,river,Minipi River,Minipi,preliminary_site_estimate,647,,,MW,preliminary_potential_estimate,preliminary_unexploited,preliminary_site_inventory,medium,TRUE,preliminary_site_inventory,,,"Minipi River, Labrador, Newfoundland and Labrador, Canada",Site: Minipi | preliminary_potential_estimate: 647 MW | Status: preliminary_unexploited | Source: Royal Commission Churchill River report preliminary Labrador sites (2002) | Notes: Later preliminary estimate differs substantially from historical estimate.,Royal Commission Churchill River report preliminary Labrador sites,2002,https://www.gov.nl.ca/publicat/royalcomm/research/Churchill.pdf,Preliminary list of additional Labrador hydroelectric sites; source cautions that engineering feasibility varies and capacities may change.,official/government_report,medium,Later preliminary estimate differs substantially from historical estimate.,TRUE,2026-05-02
1.0,LAB-HYDRO-036,naskaupi-river,Naskaupi River,,river,Naskaupi River,Naskaupi,preliminary_site_estimate,290,,,MW,preliminary_potential_estimate,partially_harnessed,preliminary_site_inventory,medium,TRUE,preliminary_site_inventory,,,"Naskaupi River, Labrador, Newfoundland and Labrador, Canada",Site: Naskaupi | preliminary_potential_estimate: 290 MW | Status: partially_harnessed | Source: Royal Commission Churchill River report preliminary Labrador sites (2002) | Notes: Later preliminary estimate; current hydrology altered by Churchill system.,Royal Commission Churchill River report preliminary Labrador sites,2002,https://www.gov.nl.ca/publicat/royalcomm/research/Churchill.pdf,Preliminary list of additional Labrador hydroelectric sites; source cautions that engineering feasibility varies and capacities may change.,official/government_report,medium,Later preliminary estimate; current hydrology altered by Churchill system.,FALSE,2026-05-02
1.0,LAB-HYDRO-037,kanairuktok-river,Kanairuktok River,,river,Kanairuktok River,Kanairuktok,preliminary_site_estimate,394,,,MW,preliminary_potential_estimate,preliminary_unexploited,preliminary_site_inventory,medium,TRUE,preliminary_site_inventory,,,"Kanairuktok River, Labrador, Newfoundland and Labrador, Canada",Site: Kanairuktok | preliminary_potential_estimate: 394 MW | Status: preliminary_unexploited | Source: Royal Commission Churchill River report preliminary Labrador sites (2002) | Notes: Listed separately from Kanairiktok in this source; needs toponym verification.,Royal Commission Churchill River report preliminary Labrador sites,2002,https://www.gov.nl.ca/publicat/royalcomm/research/Churchill.pdf,Preliminary list of additional Labrador hydroelectric sites; source cautions that engineering feasibility varies and capacities may change.,official/government_report,medium,Listed separately from Kanairiktok in this source; needs toponym verification.,TRUE,2026-05-02
1.0,LAB-HYDRO-038,fig-river,Fig River,,river,Fig River,Fig,preliminary_site_estimate,204,,,MW,preliminary_potential_estimate,preliminary_unexploited,preliminary_site_inventory,medium,TRUE,preliminary_site_inventory,,,"Fig River, Labrador, Newfoundland and Labrador, Canada",Site: Fig | preliminary_potential_estimate: 204 MW | Status: preliminary_unexploited | Source: Royal Commission Churchill River report preliminary Labrador sites (2002) | Notes: Later preliminary estimate.,Royal Commission Churchill River report preliminary Labrador sites,2002,https://www.gov.nl.ca/publicat/royalcomm/research/Churchill.pdf,Preliminary list of additional Labrador hydroelectric sites; source cautions that engineering feasibility varies and capacities may change.,official/government_report,medium,Later preliminary estimate.,FALSE,2026-05-02
1.0,LAB-HYDRO-039,kogaluk-river,Kogaluk River,,river,Kogaluk River,Kogaluk,preliminary_site_estimate,58,,,MW,preliminary_potential_estimate,preliminary_unexploited,preliminary_site_inventory,medium,TRUE,preliminary_site_inventory,,,"Kogaluk River, Labrador, Newfoundland and Labrador, Canada",Site: Kogaluk | preliminary_potential_estimate: 58 MW | Status: preliminary_unexploited | Source: Royal Commission Churchill River report preliminary Labrador sites (2002) | Notes: Later preliminary estimate.,Royal Commission Churchill River report preliminary Labrador sites,2002,https://www.gov.nl.ca/publicat/royalcomm/research/Churchill.pdf,Preliminary list of additional Labrador hydroelectric sites; source cautions that engineering feasibility varies and capacities may change.,official/government_report,medium,Later preliminary estimate.,FALSE,2026-05-02
1.0,LAB-HYDRO-040,mistastin-river,Mistastin River / Mistastin system,,river,Mistastin River / Mistastin system,Mistastin,preliminary_site_estimate,81,,,MW,preliminary_potential_estimate,preliminary_unexploited,preliminary_site_inventory,medium,TRUE,preliminary_site_inventory,,,"Mistastin River / Mistastin system, Labrador, Newfoundland and Labrador, Canada","Site: Mistastin | preliminary_potential_estimate: 81 MW | Status: preliminary_unexploited | Source: Royal Commission Churchill River report preliminary Labrador sites (2002) | Notes: Later preliminary estimate; check whether river, lake, or broader system is intended.",Royal Commission Churchill River report preliminary Labrador sites,2002,https://www.gov.nl.ca/publicat/royalcomm/research/Churchill.pdf,Preliminary list of additional Labrador hydroelectric sites; source cautions that engineering feasibility varies and capacities may change.,official/government_report,medium,"Later preliminary estimate; check whether river, lake, or broader system is intended.",TRUE,2026-05-02
1.0,LAB-HYDRO-041,notakwanon-river,Notakwanon River,,river,Notakwanon River,Lower Notakwanon,preliminary_site_estimate,84,,,MW,preliminary_potential_estimate,preliminary_unexploited,preliminary_site_inventory,medium,TRUE,preliminary_site_inventory,,,"Notakwanon River, Labrador, Newfoundland and Labrador, Canada",Site: Lower Notakwanon | preliminary_potential_estimate: 84 MW | Status: preliminary_unexploited | Source: Royal Commission Churchill River report preliminary Labrador sites (2002) | Notes: Lower site in later preliminary list.,Royal Commission Churchill River report preliminary Labrador sites,2002,https://www.gov.nl.ca/publicat/royalcomm/research/Churchill.pdf,Preliminary list of additional Labrador hydroelectric sites; source cautions that engineering feasibility varies and capacities may change.,official/government_report,medium,Lower site in later preliminary list.,FALSE,2026-05-02
1.0,LAB-HYDRO-042,notakwanon-river,Notakwanon River,,river,Notakwanon River,Upper Notakwanon,preliminary_site_estimate,94,,,MW,preliminary_potential_estimate,preliminary_unexploited,preliminary_site_inventory,medium,TRUE,preliminary_site_inventory,,,"Notakwanon River, Labrador, Newfoundland and Labrador, Canada",Site: Upper Notakwanon | preliminary_potential_estimate: 94 MW | Status: preliminary_unexploited | Source: Royal Commission Churchill River report preliminary Labrador sites (2002) | Notes: Upper site in later preliminary list.,Royal Commission Churchill River report preliminary Labrador sites,2002,https://www.gov.nl.ca/publicat/royalcomm/research/Churchill.pdf,Preliminary list of additional Labrador hydroelectric sites; source cautions that engineering feasibility varies and capacities may change.,official/government_report,medium,Upper site in later preliminary list.,FALSE,2026-05-02
1.0,LAB-HYDRO-043,ugjoktok-river,Ugjoktok River,,river,Ugjoktok River,Lower Ugjoktok,preliminary_site_estimate,94,,,MW,preliminary_potential_estimate,preliminary_unexploited,preliminary_site_inventory,medium,TRUE,preliminary_site_inventory,,,"Ugjoktok River, Labrador, Newfoundland and Labrador, Canada",Site: Lower Ugjoktok | preliminary_potential_estimate: 94 MW | Status: preliminary_unexploited | Source: Royal Commission Churchill River report preliminary Labrador sites (2002) | Notes: Lower site in later preliminary list.,Royal Commission Churchill River report preliminary Labrador sites,2002,https://www.gov.nl.ca/publicat/royalcomm/research/Churchill.pdf,Preliminary list of additional Labrador hydroelectric sites; source cautions that engineering feasibility varies and capacities may change.,official/government_report,medium,Lower site in later preliminary list.,FALSE,2026-05-02
1.0,LAB-HYDRO-044,ugjoktok-river,Ugjoktok River,,river,Ugjoktok River,Upper Ugjoktok,preliminary_site_estimate,43,,,MW,preliminary_potential_estimate,preliminary_unexploited,preliminary_site_inventory,medium,TRUE,preliminary_site_inventory,,,"Ugjoktok River, Labrador, Newfoundland and Labrador, Canada",Site: Upper Ugjoktok | preliminary_potential_estimate: 43 MW | Status: preliminary_unexploited | Source: Royal Commission Churchill River report preliminary Labrador sites (2002) | Notes: Upper site in later preliminary list.,Royal Commission Churchill River report preliminary Labrador sites,2002,https://www.gov.nl.ca/publicat/royalcomm/research/Churchill.pdf,Preliminary list of additional Labrador hydroelectric sites; source cautions that engineering feasibility varies and capacities may change.,official/government_report,medium,Upper site in later preliminary list.,FALSE,2026-05-02
1.0,LAB-HYDRO-045,harp-lake,Harp Lake,,waterbody,Harp Lake,Harp Lake,preliminary_site_estimate,51,,,MW,preliminary_potential_estimate,preliminary_unexploited,preliminary_site_inventory,medium,TRUE,preliminary_site_inventory,,,"Harp Lake, Labrador, Newfoundland and Labrador, Canada",Site: Harp Lake | preliminary_potential_estimate: 51 MW | Status: preliminary_unexploited | Source: Royal Commission Churchill River report preliminary Labrador sites (2002) | Notes: Waterbody/site rather than river; map as point unless hydrologic geometry is verified.,Royal Commission Churchill River report preliminary Labrador sites,2002,https://www.gov.nl.ca/publicat/royalcomm/research/Churchill.pdf,Preliminary list of additional Labrador hydroelectric sites; source cautions that engineering feasibility varies and capacities may change.,official/government_report,medium,Waterbody/site rather than river; map as point unless hydrologic geometry is verified.,TRUE,2026-05-02
1.0,LAB-HYDRO-046,kanairiktok-river,Kanairiktok River,,river,Kanairiktok River,Kanairiktok,preliminary_site_estimate,153,,,MW,preliminary_potential_estimate,preliminary_unexploited,preliminary_site_inventory,medium,TRUE,preliminary_site_inventory,,,"Kanairiktok River, Labrador, Newfoundland and Labrador, Canada",Site: Kanairiktok | preliminary_potential_estimate: 153 MW | Status: preliminary_unexploited | Source: Royal Commission Churchill River report preliminary Labrador sites (2002) | Notes: Listed separately from Kanairuktok in this source; needs toponym verification.,Royal Commission Churchill River report preliminary Labrador sites,2002,https://www.gov.nl.ca/publicat/royalcomm/research/Churchill.pdf,Preliminary list of additional Labrador hydroelectric sites; source cautions that engineering feasibility varies and capacities may change.,official/government_report,medium,Listed separately from Kanairuktok in this source; needs toponym verification.,TRUE,2026-05-02
1.0,LAB-HYDRO-047,kingurutik-river,Kingurutik River,,river,Kingurutik River,Kingurutik,preliminary_site_estimate,31,,,MW,preliminary_potential_estimate,preliminary_unexploited,preliminary_site_inventory,medium,TRUE,preliminary_site_inventory,,,"Kingurutik River, Labrador, Newfoundland and Labrador, Canada",Site: Kingurutik | preliminary_potential_estimate: 31 MW | Status: preliminary_unexploited | Source: Royal Commission Churchill River report preliminary Labrador sites (2002) | Notes: Later preliminary estimate.,Royal Commission Churchill River report preliminary Labrador sites,2002,https://www.gov.nl.ca/publicat/royalcomm/research/Churchill.pdf,Preliminary list of additional Labrador hydroelectric sites; source cautions that engineering feasibility varies and capacities may change.,official/government_report,medium,Later preliminary estimate.,FALSE,2026-05-02
1.0,LAB-HYDRO-048,big-river,Big River,,river,Big River,Big,preliminary_site_estimate,109,,,MW,preliminary_potential_estimate,preliminary_unexploited,preliminary_site_inventory,medium,TRUE,preliminary_site_inventory,,,"Big River, Labrador, Newfoundland and Labrador, Canada",Site: Big | preliminary_potential_estimate: 109 MW | Status: preliminary_unexploited | Source: Royal Commission Churchill River report preliminary Labrador sites (2002) | Notes: Later preliminary estimate differs from historical estimate.,Royal Commission Churchill River report preliminary Labrador sites,2002,https://www.gov.nl.ca/publicat/royalcomm/research/Churchill.pdf,Preliminary list of additional Labrador hydroelectric sites; source cautions that engineering feasibility varies and capacities may change.,official/government_report,medium,Later preliminary estimate differs from historical estimate.,TRUE,2026-05-02
1.0,LAB-HYDRO-049,gilbert-river,Gilbert River,,river,Gilbert River,Site 5B,small_hydro_feasibility,2.3,,,MW,small_hydro_design_capacity_or_firm_power_basis,small_hydro_candidate,feasibility_reassessment,medium,TRUE,small_hydro_candidates,,,"Gilbert River, Labrador, Newfoundland and Labrador, Canada",Site: Site 5B | small_hydro_design_capacity_or_firm_power_basis: 2.3 MW | Status: small_hydro_candidate | Source: Hatch / NL Hydro Coastal Labrador small-hydro reassessment (2018) | Notes: Candidate to reduce diesel generation; source noted a dry-year/month shortfall in at least one scenario.,Hatch / NL Hydro Coastal Labrador small-hydro reassessment,2018,https://www.gov.nl.ca/em/files/publications-energy-annex-no-2-re-assessment-of-power-and-energy.pdf,Reassessment of hydraulic potential of Coastal Labrador; Gilbert River Site 5B modelled for small hydro.,official/consultant_report,medium,Candidate to reduce diesel generation; source noted a dry-year/month shortfall in at least one scenario.,TRUE,2026-05-02
1.0,LAB-HYDRO-050,st-lewis-river,St. Lewis River,,river,St. Lewis River,Site 8C,small_hydro_feasibility,3.0,,,MW,small_hydro_installed_capacity_modelled,small_hydro_candidate,feasibility_reassessment,medium,TRUE,small_hydro_candidates,,,"St. Lewis River, Labrador, Newfoundland and Labrador, Canada",Site: Site 8C | small_hydro_installed_capacity_modelled: 3.0 MW | Status: small_hydro_candidate | Source: Hatch / NL Hydro Coastal Labrador small-hydro reassessment (2018) | Notes: Candidate to reduce diesel generation in coastal communities.,Hatch / NL Hydro Coastal Labrador small-hydro reassessment,2018,https://www.gov.nl.ca/em/files/publications-energy-annex-no-2-re-assessment-of-power-and-energy.pdf,Reassessment of hydraulic potential of Coastal Labrador; St. Lewis River Site 8C modelled as run-of-river small hydro.,official/consultant_report,medium,Candidate to reduce diesel generation in coastal communities.,TRUE,2026-05-02
1.0,LAB-HYDRO-051,alexis-river,Alexis River,,river,Alexis River,hydrologic reference / possible coastal supply option,small_hydro_context,,,,MW,hydrologic_reference_not_capacity,small_hydro_candidate,feasibility_context,medium,TRUE,small_hydro_candidates,,,"Alexis River, Labrador, Newfoundland and Labrador, Canada",Site: hydrologic reference / possible coastal supply option | Status: small_hydro_candidate | Source: Hatch / NL Hydro Coastal Labrador small-hydro reassessment (2018) | Notes: Do not interpret this row as a distinct MW estimate; larger historical and preliminary Alexis estimates are separate rows.,Hatch / NL Hydro Coastal Labrador small-hydro reassessment,2018,https://www.gov.nl.ca/em/files/publications-energy-annex-no-2-re-assessment-of-power-and-energy.pdf,Alexis River gauge/flow data used as hydrological reference in coastal small-hydro analysis.,official/consultant_report,medium,Do not interpret this row as a distinct MW estimate; larger historical and preliminary Alexis estimates are separate rows.,FALSE,2026-05-02
1.0,LAB-HYDRO-052,st-marys-river,St. Mary’s River,,river,St. Mary’s River,Mary’s Harbour small hydro,small_hydro_asset_or_candidate,,0.15,0.24,MW,small_hydro_capacity_range_from_public_project_sources,uncertain,small_hydro_project_public_sources,low,TRUE,small_hydro_candidates,,,"St. Mary’s River, Labrador, Newfoundland and Labrador, Canada",Site: Mary’s Harbour small hydro | small_hydro_capacity_range_from_public_project_sources: 0.15-0.24 MW | Status: uncertain | Source: Dalhousie engineering capstone / Atlantic Hydro project document (2019) | Notes: Needs confirmation from an operator or regulator before treating as operating. Listed to avoid losing the small-hydro lead.,Dalhousie engineering capstone / Atlantic Hydro project document,2019,https://cdn.dal.ca/content/dam/dalhousie/images/engineering/CapstoneConference/2019-projects/CIVL07_Takenaka_Atlantic_Hydro.pdf,Public project document discussing Mary’s Harbour / St. Mary’s River small hydro refurbishment context.,public/academic_project,low,Needs confirmation from an operator or regulator before treating as operating. Listed to avoid losing the small-hydro lead.,TRUE,2026-05-02
1.0,LAB-HYDRO-053,st-paul-river,St. Paul River,,interprovincial_river,St. Paul River,,interprovincial_potential_range,,149,250,MW,potential_range,interprovincial_identified,preliminary_interprovincial_estimate,medium,TRUE,interprovincial_rivers,,,"St. Paul River, Labrador, Newfoundland and Labrador, Canada",potential_range: 149-250 MW | Status: interprovincial_identified | Source: Royal Commission Churchill River report interprovincial rivers (2002) | Notes: Interprovincial river; capacity depends on alternatives/diversions and plant location.,Royal Commission Churchill River report interprovincial rivers,2002,https://www.gov.nl.ca/publicat/royalcomm/research/Churchill.pdf,Potential ranges for interprovincial rivers involving Labrador headwaters/development alternatives.,official/government_report,medium,Interprovincial river; capacity depends on alternatives/diversions and plant location.,TRUE,2026-05-02
1.0,LAB-HYDRO-054,st-augustine-river,St. Augustine River,,interprovincial_river,St. Augustine River,,interprovincial_potential_range,,127,250,MW,potential_range,interprovincial_identified,preliminary_interprovincial_estimate,medium,TRUE,interprovincial_rivers,,,"St. Augustine River, Labrador, Newfoundland and Labrador, Canada",potential_range: 127-250 MW | Status: interprovincial_identified | Source: Royal Commission Churchill River report interprovincial rivers (2002) | Notes: Interprovincial river; capacity depends on alternatives/diversions and plant location.,Royal Commission Churchill River report interprovincial rivers,2002,https://www.gov.nl.ca/publicat/royalcomm/research/Churchill.pdf,Potential ranges for interprovincial rivers involving Labrador headwaters/development alternatives.,official/government_report,medium,Interprovincial river; capacity depends on alternatives/diversions and plant location.,TRUE,2026-05-02
1.0,LAB-HYDRO-055,little-mecatina-river,Little Mecatina River,,interprovincial_river,Little Mecatina River,,interprovincial_potential_range,,186,1040,MW,potential_range,interprovincial_identified,preliminary_interprovincial_estimate,medium,TRUE,interprovincial_rivers,,,"Little Mecatina River, Labrador, Newfoundland and Labrador, Canada",potential_range: 186-1040 MW | Status: interprovincial_identified | Source: Royal Commission Churchill River report interprovincial rivers (2002) | Notes: Interprovincial river; capacity depends on alternatives/diversions and plant location.,Royal Commission Churchill River report interprovincial rivers,2002,https://www.gov.nl.ca/publicat/royalcomm/research/Churchill.pdf,Potential ranges for interprovincial rivers involving Labrador headwaters/development alternatives.,official/government_report,medium,Interprovincial river; capacity depends on alternatives/diversions and plant location.,TRUE,2026-05-02
1.0,LAB-HYDRO-056,natashquan-river,Natashquan River,,interprovincial_river,Natashquan River,,interprovincial_potential_range,,56,563,MW,potential_range,interprovincial_identified,preliminary_interprovincial_estimate,medium,TRUE,interprovincial_rivers,,,"Natashquan River, Labrador, Newfoundland and Labrador, Canada",potential_range: 56-563 MW | Status: interprovincial_identified | Source: Royal Commission Churchill River report interprovincial rivers (2002) | Notes: Interprovincial river; capacity depends on alternatives/diversions and plant location.,Royal Commission Churchill River report interprovincial rivers,2002,https://www.gov.nl.ca/publicat/royalcomm/research/Churchill.pdf,Potential ranges for interprovincial rivers involving Labrador headwaters/development alternatives.,official/government_report,medium,Interprovincial river; capacity depends on alternatives/diversions and plant location.,TRUE,2026-05-02
1.0,LAB-HYDRO-057,romaine-river,Romaine River,,interprovincial_river,Romaine River,,interprovincial_potential_range,1330,1330,1330,MW,potential_range,interprovincial_identified,preliminary_interprovincial_estimate,medium,TRUE,interprovincial_rivers,,,"Romaine River, Labrador, Newfoundland and Labrador, Canada",potential_range: 1330 MW | Status: interprovincial_identified | Source: Royal Commission Churchill River report interprovincial rivers (2002) | Notes: Interprovincial river/source-list item; current Quebec-side development status should be checked separately before mapping as Labrador development.,Royal Commission Churchill River report interprovincial rivers,2002,https://www.gov.nl.ca/publicat/royalcomm/research/Churchill.pdf,Potential ranges for interprovincial rivers involving Labrador headwaters/development alternatives.,official/government_report,medium,Interprovincial river/source-list item; current Quebec-side development status should be checked separately before mapping as Labrador development.,TRUE,2026-05-02
1.0,LAB-HYDRO-058,paradise-river-labrador,Paradise River,,river,Paradise River,identity confirmation,identity_confirmation,,,,MW,not_a_power_estimate,unexploited_identified,toponym_context,medium,FALSE,source_context,,,"Paradise River, Labrador, Newfoundland and Labrador, Canada",Site: identity confirmation | Status: unexploited_identified | Source: DFO Rivers of Labrador (public_pdf) | Notes: Context row only. It exists to prevent conflation with the Paradise River hydro station in Newfoundland.,DFO Rivers of Labrador,public_pdf,https://waves-vagues.dfo-mpo.gc.ca/library-bibliotheque/89967.pdf,Source confirming Paradise River as a Labrador river/system context.,official/federal_report,medium,Context row only. It exists to prevent conflation with the Paradise River hydro station in Newfoundland.,FALSE,2026-05-02
